timestamp,class,distance_m,zone,side,confidence,alert_type
2026-07-16T16:46:43.401269,motorcycle,7.0,FAR,LEFT,0.73,AWARENESS
2026-07-16T16:46:43.401269,car,7.0,FAR,RIGHT,0.50,AWARENESS
2026-07-16T16:46:43.401269,car,7.0,FAR,RIGHT,0.50,AWARENESS
2026-07-16T16:46:43.401269,person,7.0,FAR,LEFT,0.47,AWARENESS
2026-07-16T16:46:43.401269,truck,7.0,FAR,RIGHT,0.41,AWARENESS
2026-07-16T16:46:43.401269,person,7.0,FAR,RIGHT,0.36,AWARENESS
2026-07-16T16:46:43.422540,motorcycle,7.0,FAR,LEFT,0.64,AWARENESS
2026-07-16T16:46:43.422540,car,7.0,FAR,LEFT,0.52,AWARENESS
2026-07-16T16:46:43.422540,car,7.0,FAR,RIGHT,0.52,AWARENESS
2026-07-16T16:46:43.422540,person,7.0,FAR,RIGHT,0.48,AWARENESS
2026-07-16T16:46:43.422540,car,7.0,FAR,RIGHT,0.47,AWARENESS
2026-07-16T16:46:43.422540,person,7.0,FAR,LEFT,0.46,AWARENESS
2026-07-16T16:46:43.422540,person,7.0,FAR,RIGHT,0.39,AWARENESS
2026-07-16T16:46:43.422540,truck,7.0,FAR,LEFT,0.35,AWARENESS
2026-07-16T16:46:43.422540,motorcycle,7.0,FAR,LEFT,0.33,AWARENESS
2026-07-16T16:46:43.422540,truck,7.0,FAR,RIGHT,0.33,AWARENESS
2026-07-16T16:46:43.422540,motorcycle,7.0,FAR,LEFT,0.31,AWARENESS
2026-07-16T16:46:43.443519,car,7.0,FAR,RIGHT,0.78,AWARENESS
2026-07-16T16:46:43.443519,car,7.0,FAR,RIGHT,0.52,AWARENESS
2026-07-16T16:46:43.443519,car,7.0,FAR,LEFT,0.48,AWARENESS
2026-07-16T16:46:43.443519,motorcycle,7.0,FAR,LEFT,0.46,AWARENESS
2026-07-16T16:46:43.443519,motorcycle,7.0,FAR,LEFT,0.34,AWARENESS
2026-07-16T16:46:43.443519,person,7.0,FAR,RIGHT,0.32,AWARENESS
2026-07-16T16:46:43.465193,car,7.0,FAR,RIGHT,0.58,AWARENESS
2026-07-16T16:46:43.465193,car,7.0,FAR,RIGHT,0.49,AWARENESS
2026-07-16T16:46:43.465193,car,7.0,FAR,RIGHT,0.44,AWARENESS
2026-07-16T16:46:43.465193,person,7.0,FAR,RIGHT,0.42,AWARENESS
2026-07-16T16:46:43.465193,truck,7.0,FAR,RIGHT,0.42,AWARENESS
2026-07-16T16:46:43.465193,truck,7.0,FAR,LEFT,0.40,AWARENESS
2026-07-16T16:46:43.465193,car,7.0,FAR,LEFT,0.40,AWARENESS
2026-07-16T16:46:43.465193,person,7.0,FAR,RIGHT,0.32,AWARENESS
2026-07-16T16:46:43.465193,person,7.0,FAR,RIGHT,0.32,AWARENESS
2026-07-16T16:46:43.486079,car,7.0,FAR,RIGHT,0.78,AWARENESS
2026-07-16T16:46:43.486079,car,7.0,FAR,RIGHT,0.75,AWARENESS
2026-07-16T16:46:43.486079,person,7.0,FAR,RIGHT,0.55,AWARENESS
2026-07-16T16:46:43.486079,car,7.0,FAR,RIGHT,0.50,AWARENESS
2026-07-16T16:46:43.486079,car,7.0,FAR,LEFT,0.48,AWARENESS
2026-07-16T16:46:43.486079,truck,7.0,FAR,RIGHT,0.42,AWARENESS
2026-07-16T16:46:43.486079,person,7.0,FAR,RIGHT,0.42,AWARENESS
2026-07-16T16:46:43.486079,car,7.0,FAR,LEFT,0.37,AWARENESS
2026-07-16T16:46:43.486079,motorcycle,7.0,FAR,LEFT,0.33,AWARENESS
2026-07-16T16:46:43.506721,car,7.0,FAR,RIGHT,0.78,AWARENESS
2026-07-16T16:46:43.506721,car,7.0,FAR,RIGHT,0.75,AWARENESS
2026-07-16T16:46:43.506721,car,7.0,FAR,LEFT,0.46,AWARENESS
2026-07-16T16:46:43.506721,motorcycle,7.0,FAR,LEFT,0.44,AWARENESS
2026-07-16T16:46:43.506721,car,7.0,FAR,LEFT,0.44,AWARENESS
2026-07-16T16:46:43.506721,car,7.0,FAR,RIGHT,0.43,AWARENESS
2026-07-16T16:46:43.506721,person,7.0,FAR,RIGHT,0.43,AWARENESS
2026-07-16T16:46:43.506721,person,7.0,FAR,RIGHT,0.37,AWARENESS
2026-07-16T16:46:43.506721,person,7.0,FAR,RIGHT,0.34,AWARENESS
2026-07-16T16:46:43.506721,person,7.0,FAR,LEFT,0.31,AWARENESS
2026-07-16T16:46:43.506721,person,7.0,FAR,RIGHT,0.31,AWARENESS
2026-07-16T16:46:43.506721,car,7.0,FAR,RIGHT,0.31,AWARENESS
2026-07-16T16:46:43.527921,car,7.0,FAR,RIGHT,0.78,AWARENESS
2026-07-16T16:46:43.527921,car,7.0,FAR,RIGHT,0.61,AWARENESS
2026-07-16T16:46:43.527921,motorcycle,7.0,FAR,LEFT,0.56,AWARENESS
2026-07-16T16:46:43.527921,car,7.0,FAR,LEFT,0.51,AWARENESS
2026-07-16T16:46:43.527921,car,7.0,FAR,RIGHT,0.37,AWARENESS
2026-07-16T16:46:43.527921,truck,7.0,FAR,LEFT,0.36,AWARENESS
2026-07-16T16:46:43.527921,person,7.0,FAR,LEFT,0.34,AWARENESS
2026-07-16T16:46:43.527921,car,7.0,FAR,LEFT,0.34,AWARENESS
2026-07-16T16:46:43.527921,person,7.0,FAR,RIGHT,0.30,AWARENESS
2026-07-16T16:46:43.555341,car,7.0,FAR,RIGHT,0.79,AWARENESS
2026-07-16T16:46:43.555341,car,7.0,FAR,RIGHT,0.59,AWARENESS
2026-07-16T16:46:43.555341,car,7.0,FAR,LEFT,0.46,AWARENESS
2026-07-16T16:46:43.555341,motorcycle,7.0,FAR,LEFT,0.42,AWARENESS
2026-07-16T16:46:43.555341,car,7.0,FAR,RIGHT,0.40,AWARENESS
2026-07-16T16:46:43.555341,person,7.0,FAR,RIGHT,0.39,AWARENESS
2026-07-16T16:46:43.555341,motorcycle,7.0,FAR,LEFT,0.32,AWARENESS
2026-07-16T16:46:43.555341,car,7.0,FAR,LEFT,0.32,AWARENESS
2026-07-16T16:46:43.555341,person,7.0,FAR,LEFT,0.31,AWARENESS
2026-07-16T16:46:43.584278,car,7.0,FAR,RIGHT,0.81,AWARENESS
2026-07-16T16:46:43.584278,car,7.0,FAR,RIGHT,0.62,AWARENESS
2026-07-16T16:46:43.584278,car,7.0,FAR,LEFT,0.49,AWARENESS
2026-07-16T16:46:43.584278,car,7.0,FAR,LEFT,0.49,AWARENESS
2026-07-16T16:46:43.584278,person,7.0,FAR,RIGHT,0.40,AWARENESS
2026-07-16T16:46:43.584278,person,7.0,FAR,LEFT,0.40,AWARENESS
2026-07-16T16:46:43.584278,truck,7.0,FAR,LEFT,0.37,AWARENESS
2026-07-16T16:46:43.584278,person,7.0,FAR,RIGHT,0.35,AWARENESS
2026-07-16T16:46:43.584278,car,7.0,FAR,RIGHT,0.34,AWARENESS
2026-07-16T16:46:43.584278,motorcycle,7.0,FAR,LEFT,0.31,AWARENESS
2026-07-16T16:46:43.604961,car,7.0,FAR,RIGHT,0.72,AWARENESS
2026-07-16T16:46:43.604961,truck,7.0,FAR,LEFT,0.60,AWARENESS
2026-07-16T16:46:43.604961,car,7.0,FAR,RIGHT,0.57,AWARENESS
2026-07-16T16:46:43.604961,truck,7.0,FAR,RIGHT,0.41,AWARENESS
2026-07-16T16:46:43.604961,person,7.0,FAR,LEFT,0.39,AWARENESS
2026-07-16T16:46:43.604961,car,7.0,FAR,RIGHT,0.37,AWARENESS
2026-07-16T16:46:43.604961,person,7.0,FAR,LEFT,0.37,AWARENESS
2026-07-16T16:46:43.625459,car,7.0,FAR,RIGHT,0.72,AWARENESS
2026-07-16T16:46:43.625459,car,7.0,FAR,RIGHT,0.63,AWARENESS
2026-07-16T16:46:43.625459,person,7.0,FAR,RIGHT,0.53,AWARENESS
2026-07-16T16:46:43.625459,truck,7.0,FAR,RIGHT,0.47,AWARENESS
2026-07-16T16:46:43.625459,truck,7.0,FAR,LEFT,0.46,AWARENESS
2026-07-16T16:46:43.625459,person,7.0,FAR,RIGHT,0.42,AWARENESS
2026-07-16T16:46:43.625459,car,7.0,FAR,LEFT,0.37,AWARENESS
2026-07-16T16:46:43.625459,person,7.0,FAR,LEFT,0.34,AWARENESS
2026-07-16T16:46:43.625459,motorcycle,7.0,FAR,LEFT,0.32,AWARENESS
2026-07-16T16:46:43.645940,car,7.0,FAR,RIGHT,0.74,AWARENESS
2026-07-16T16:46:43.645940,car,7.0,FAR,RIGHT,0.60,AWARENESS
2026-07-16T16:46:43.645940,person,7.0,FAR,RIGHT,0.51,AWARENESS
2026-07-16T16:46:43.645940,truck,7.0,FAR,LEFT,0.44,AWARENESS
2026-07-16T16:46:43.645940,truck,7.0,FAR,RIGHT,0.39,AWARENESS
2026-07-16T16:46:43.645940,person,7.0,FAR,RIGHT,0.39,AWARENESS
2026-07-16T16:46:43.645940,person,7.0,FAR,RIGHT,0.37,AWARENESS
2026-07-16T16:46:43.645940,car,7.0,FAR,RIGHT,0.32,AWARENESS
2026-07-16T16:46:43.665707,car,7.0,FAR,RIGHT,0.60,AWARENESS
2026-07-16T16:46:43.665707,person,7.0,FAR,RIGHT,0.60,AWARENESS
2026-07-16T16:46:43.665707,person,7.0,FAR,RIGHT,0.47,AWARENESS
2026-07-16T16:46:43.665707,truck,7.0,FAR,LEFT,0.47,AWARENESS
2026-07-16T16:46:43.665707,person,7.0,FAR,RIGHT,0.46,AWARENESS
2026-07-16T16:46:43.665707,truck,7.0,FAR,RIGHT,0.43,AWARENESS
2026-07-16T16:46:43.665707,car,7.0,FAR,RIGHT,0.40,AWARENESS
2026-07-16T16:46:43.665707,person,7.0,FAR,RIGHT,0.36,AWARENESS
2026-07-16T16:46:43.665707,car,7.0,FAR,RIGHT,0.32,AWARENESS
2026-07-16T16:46:43.688284,car,7.0,FAR,RIGHT,0.75,AWARENESS
2026-07-16T16:46:43.688284,car,7.0,FAR,RIGHT,0.61,AWARENESS
2026-07-16T16:46:43.688284,car,7.0,FAR,RIGHT,0.55,AWARENESS
2026-07-16T16:46:43.688284,car,7.0,FAR,LEFT,0.48,AWARENESS
2026-07-16T16:46:43.688284,person,7.0,FAR,RIGHT,0.47,AWARENESS
2026-07-16T16:46:43.688284,motorcycle,7.0,FAR,LEFT,0.41,AWARENESS
2026-07-16T16:46:43.688284,car,7.0,FAR,RIGHT,0.41,AWARENESS
2026-07-16T16:46:43.688284,person,7.0,FAR,RIGHT,0.40,AWARENESS
2026-07-16T16:46:43.688284,car,7.0,FAR,LEFT,0.40,AWARENESS
2026-07-16T16:46:43.688284,person,7.0,FAR,RIGHT,0.36,AWARENESS
2026-07-16T16:46:43.708816,car,7.0,FAR,RIGHT,0.64,AWARENESS
2026-07-16T16:46:43.708816,car,7.0,FAR,RIGHT,0.60,AWARENESS
2026-07-16T16:46:43.708816,car,7.0,FAR,LEFT,0.56,AWARENESS
2026-07-16T16:46:43.708816,person,7.0,FAR,RIGHT,0.45,AWARENESS
2026-07-16T16:46:43.708816,car,7.0,FAR,RIGHT,0.44,AWARENESS
2026-07-16T16:46:43.708816,car,7.0,FAR,LEFT,0.37,AWARENESS
2026-07-16T16:46:43.708816,person,7.0,FAR,RIGHT,0.35,AWARENESS
2026-07-16T16:46:43.728530,car,7.0,FAR,RIGHT,0.74,AWARENESS
2026-07-16T16:46:43.728530,car,7.0,FAR,RIGHT,0.72,AWARENESS
2026-07-16T16:46:43.728530,car,7.0,FAR,LEFT,0.54,AWARENESS
2026-07-16T16:46:43.728530,motorcycle,7.0,FAR,LEFT,0.46,AWARENESS
2026-07-16T16:46:43.728530,person,7.0,FAR,LEFT,0.40,AWARENESS
2026-07-16T16:46:43.728530,person,7.0,FAR,RIGHT,0.39,AWARENESS
2026-07-16T16:46:43.728530,car,7.0,FAR,RIGHT,0.36,AWARENESS
2026-07-16T16:46:43.728530,car,7.0,FAR,RIGHT,0.33,AWARENESS
2026-07-16T16:46:43.728530,person,7.0,FAR,RIGHT,0.33,AWARENESS
2026-07-16T16:46:43.748253,car,7.0,FAR,RIGHT,0.81,AWARENESS
2026-07-16T16:46:43.748253,car,7.0,FAR,RIGHT,0.74,AWARENESS
2026-07-16T16:46:43.748253,car,7.0,FAR,LEFT,0.72,AWARENESS
2026-07-16T16:46:43.748253,person,7.0,FAR,RIGHT,0.54,AWARENESS
2026-07-16T16:46:43.748253,car,7.0,FAR,RIGHT,0.34,AWARENESS
2026-07-16T16:46:43.748253,motorcycle,7.0,FAR,LEFT,0.33,AWARENESS
2026-07-16T16:46:43.767892,person,7.0,FAR,RIGHT,0.70,AWARENESS
2026-07-16T16:46:43.767892,car,7.0,FAR,RIGHT,0.57,AWARENESS
2026-07-16T16:46:43.767892,car,7.0,FAR,RIGHT,0.56,AWARENESS
2026-07-16T16:46:43.767892,car,7.0,FAR,LEFT,0.54,AWARENESS
2026-07-16T16:46:43.767892,car,7.0,FAR,RIGHT,0.46,AWARENESS
2026-07-16T16:46:43.767892,car,7.0,FAR,RIGHT,0.43,AWARENESS
2026-07-16T16:46:43.767892,truck,7.0,FAR,RIGHT,0.34,AWARENESS
2026-07-16T16:46:43.787577,car,7.0,FAR,RIGHT,0.81,AWARENESS
2026-07-16T16:46:43.787577,car,7.0,FAR,RIGHT,0.72,AWARENESS
2026-07-16T16:46:43.787577,person,7.0,FAR,RIGHT,0.63,AWARENESS
2026-07-16T16:46:43.787577,car,7.0,FAR,RIGHT,0.55,AWARENESS
2026-07-16T16:46:43.787577,car,7.0,FAR,LEFT,0.52,AWARENESS
2026-07-16T16:46:43.787577,car,7.0,FAR,RIGHT,0.39,AWARENESS
2026-07-16T16:46:43.787577,motorcycle,7.0,FAR,RIGHT,0.37,AWARENESS
2026-07-16T16:46:43.787577,person,7.0,FAR,LEFT,0.32,AWARENESS
2026-07-16T16:46:43.806755,car,7.0,FAR,RIGHT,0.64,AWARENESS
2026-07-16T16:46:43.806755,car,7.0,FAR,RIGHT,0.63,AWARENESS
2026-07-16T16:46:43.806755,car,7.0,FAR,RIGHT,0.60,AWARENESS
2026-07-16T16:46:43.806755,car,7.0,FAR,LEFT,0.59,AWARENESS
2026-07-16T16:46:43.806755,person,7.0,FAR,RIGHT,0.59,AWARENESS
2026-07-16T16:46:43.806755,motorcycle,7.0,FAR,LEFT,0.45,AWARENESS
2026-07-16T16:46:43.806755,car,7.0,FAR,RIGHT,0.36,AWARENESS
2026-07-16T16:46:43.806755,person,7.0,FAR,LEFT,0.32,AWARENESS
2026-07-16T16:46:43.806755,car,7.0,FAR,LEFT,0.31,AWARENESS
2026-07-16T16:46:43.828454,car,7.0,FAR,RIGHT,0.69,AWARENESS
2026-07-16T16:46:43.828454,car,7.0,FAR,LEFT,0.63,AWARENESS
2026-07-16T16:46:43.828454,person,7.0,FAR,RIGHT,0.58,AWARENESS
2026-07-16T16:46:43.828454,car,7.0,FAR,RIGHT,0.58,AWARENESS
2026-07-16T16:46:43.828454,person,7.0,FAR,RIGHT,0.54,AWARENESS
2026-07-16T16:46:43.828454,person,7.0,FAR,LEFT,0.46,AWARENESS
2026-07-16T16:46:43.828454,car,7.0,FAR,RIGHT,0.40,AWARENESS
2026-07-16T16:46:43.828454,motorcycle,7.0,FAR,LEFT,0.37,AWARENESS
2026-07-16T16:46:43.828454,car,7.0,FAR,RIGHT,0.36,AWARENESS
2026-07-16T16:46:43.828454,person,7.0,FAR,RIGHT,0.35,AWARENESS
2026-07-16T16:46:43.828454,car,7.0,FAR,RIGHT,0.34,AWARENESS
2026-07-16T16:46:43.828454,motorcycle,7.0,FAR,LEFT,0.31,AWARENESS
2026-07-16T16:46:43.488562,car,7.0,FAR,RIGHT,0.70,AWARENESS
2026-07-16T16:46:43.488562,car,7.0,FAR,RIGHT,0.66,AWARENESS
2026-07-16T16:46:43.488562,person,7.0,FAR,RIGHT,0.50,AWARENESS
2026-07-16T16:46:43.488562,car,7.0,FAR,LEFT,0.44,AWARENESS
2026-07-16T16:46:43.488562,person,7.0,FAR,RIGHT,0.32,AWARENESS
2026-07-16T16:46:43.488562,car,7.0,FAR,RIGHT,0.30,AWARENESS
2026-07-16T16:46:43.868198,car,7.0,FAR,RIGHT,0.73,AWARENESS
2026-07-16T16:46:43.868198,car,7.0,FAR,RIGHT,0.72,AWARENESS
2026-07-16T16:46:43.868198,car,7.0,FAR,RIGHT,0.51,AWARENESS
2026-07-16T16:46:43.868198,motorcycle,7.0,FAR,LEFT,0.51,AWARENESS
2026-07-16T16:46:43.868198,person,7.0,FAR,RIGHT,0.48,AWARENESS
2026-07-16T16:46:43.868198,car,7.0,FAR,RIGHT,0.47,AWARENESS
2026-07-16T16:46:43.868198,car,7.0,FAR,LEFT,0.46,AWARENESS
2026-07-16T16:46:43.868198,person,7.0,FAR,RIGHT,0.44,AWARENESS
2026-07-16T16:46:43.868198,motorcycle,7.0,FAR,LEFT,0.39,AWARENESS
2026-07-16T16:46:43.868198,person,7.0,FAR,LEFT,0.36,AWARENESS
2026-07-16T16:46:43.868198,person,7.0,FAR,RIGHT,0.34,AWARENESS
2026-07-16T16:46:43.868198,motorcycle,7.0,FAR,RIGHT,0.30,AWARENESS
2026-07-16T16:46:43.868198,motorcycle,7.0,FAR,LEFT,0.30,AWARENESS
2026-07-16T16:46:43.892276,car,7.0,FAR,RIGHT,0.76,AWARENESS
2026-07-16T16:46:43.892276,car,7.0,FAR,RIGHT,0.71,AWARENESS
2026-07-16T16:46:43.892276,motorcycle,7.0,FAR,LEFT,0.54,AWARENESS
2026-07-16T16:46:43.892276,person,7.0,FAR,RIGHT,0.51,AWARENESS
2026-07-16T16:46:43.892276,person,7.0,FAR,RIGHT,0.48,AWARENESS
2026-07-16T16:46:43.892276,car,7.0,FAR,RIGHT,0.46,AWARENESS
2026-07-16T16:46:43.892276,car,7.0,FAR,RIGHT,0.44,AWARENESS
2026-07-16T16:46:43.892276,motorcycle,7.0,FAR,LEFT,0.38,AWARENESS
2026-07-16T16:46:43.892276,person,7.0,FAR,RIGHT,0.36,AWARENESS
2026-07-16T16:46:43.892276,motorcycle,7.0,FAR,LEFT,0.33,AWARENESS
2026-07-16T16:46:43.892276,motorcycle,7.0,FAR,LEFT,0.32,AWARENESS
2026-07-16T16:46:43.892276,person,7.0,FAR,RIGHT,0.31,AWARENESS
2026-07-16T16:46:43.913251,car,7.0,FAR,RIGHT,0.72,AWARENESS
2026-07-16T16:46:43.913251,motorcycle,7.0,FAR,LEFT,0.69,AWARENESS
2026-07-16T16:46:43.913251,car,7.0,FAR,RIGHT,0.69,AWARENESS
2026-07-16T16:46:43.913251,person,7.0,FAR,RIGHT,0.58,AWARENESS
2026-07-16T16:46:43.913251,car,7.0,FAR,RIGHT,0.54,AWARENESS
2026-07-16T16:46:43.913251,person,7.0,FAR,LEFT,0.45,AWARENESS
2026-07-16T16:46:43.913251,car,7.0,FAR,RIGHT,0.45,AWARENESS
2026-07-16T16:46:43.913251,car,7.0,FAR,LEFT,0.41,AWARENESS
2026-07-16T16:46:43.913251,motorcycle,7.0,FAR,RIGHT,0.41,AWARENESS
2026-07-16T16:46:43.913251,person,7.0,FAR,RIGHT,0.36,AWARENESS
2026-07-16T16:46:43.933528,car,7.0,FAR,RIGHT,0.79,AWARENESS
2026-07-16T16:46:43.933528,car,7.0,FAR,RIGHT,0.74,AWARENESS
2026-07-16T16:46:43.933528,motorcycle,7.0,FAR,LEFT,0.69,AWARENESS
2026-07-16T16:46:43.933528,person,7.0,FAR,RIGHT,0.56,AWARENESS
2026-07-16T16:46:43.933528,car,7.0,FAR,RIGHT,0.52,AWARENESS
2026-07-16T16:46:43.933528,car,7.0,FAR,RIGHT,0.51,AWARENESS
2026-07-16T16:46:43.933528,car,7.0,FAR,RIGHT,0.50,AWARENESS
2026-07-16T16:46:43.933528,person,7.0,FAR,LEFT,0.49,AWARENESS
2026-07-16T16:46:43.933528,car,7.0,FAR,LEFT,0.40,AWARENESS
2026-07-16T16:46:43.933528,car,7.0,FAR,LEFT,0.39,AWARENESS
2026-07-16T16:46:43.933528,person,7.0,FAR,RIGHT,0.33,AWARENESS
2026-07-16T16:46:43.933528,motorcycle,7.0,FAR,RIGHT,0.30,AWARENESS
2026-07-16T16:46:43.953741,car,7.0,FAR,RIGHT,0.79,AWARENESS
2026-07-16T16:46:43.953741,car,7.0,FAR,RIGHT,0.76,AWARENESS
2026-07-16T16:46:43.953741,motorcycle,7.0,FAR,LEFT,0.60,AWARENESS
2026-07-16T16:46:43.953741,car,7.0,FAR,RIGHT,0.57,AWARENESS
2026-07-16T16:46:43.953741,person,7.0,FAR,RIGHT,0.43,AWARENESS
2026-07-16T16:46:43.953741,person,7.0,FAR,RIGHT,0.40,AWARENESS
2026-07-16T16:46:43.953741,person,7.0,FAR,LEFT,0.38,AWARENESS
2026-07-16T16:46:43.953741,person,7.0,FAR,RIGHT,0.34,AWARENESS
2026-07-16T16:46:43.953741,person,7.0,FAR,LEFT,0.33,AWARENESS
2026-07-16T16:46:43.953741,car,7.0,FAR,LEFT,0.32,AWARENESS
2026-07-16T16:46:43.953741,motorcycle,7.0,FAR,RIGHT,0.32,AWARENESS
2026-07-16T16:46:43.953741,motorcycle,7.0,FAR,RIGHT,0.30,AWARENESS
2026-07-16T16:46:43.973881,car,7.0,FAR,RIGHT,0.78,AWARENESS
2026-07-16T16:46:43.973881,motorcycle,7.0,FAR,LEFT,0.73,AWARENESS
2026-07-16T16:46:43.973881,car,7.0,FAR,RIGHT,0.70,AWARENESS
2026-07-16T16:46:43.973881,car,7.0,FAR,RIGHT,0.56,AWARENESS
2026-07-16T16:46:43.973881,person,7.0,FAR,RIGHT,0.45,AWARENESS
2026-07-16T16:46:43.973881,person,7.0,FAR,LEFT,0.41,AWARENESS
2026-07-16T16:46:43.973881,person,7.0,FAR,RIGHT,0.41,AWARENESS
2026-07-16T16:46:43.973881,person,7.0,FAR,RIGHT,0.40,AWARENESS
2026-07-16T16:46:43.973881,motorcycle,7.0,FAR,RIGHT,0.36,AWARENESS
2026-07-16T16:46:43.973881,person,7.0,FAR,RIGHT,0.36,AWARENESS
2026-07-16T16:46:43.973881,motorcycle,7.0,FAR,RIGHT,0.33,AWARENESS
2026-07-16T16:46:43.993502,car,7.0,FAR,RIGHT,0.78,AWARENESS
2026-07-16T16:46:43.993502,car,7.0,FAR,RIGHT,0.65,AWARENESS
2026-07-16T16:46:43.993502,motorcycle,7.0,FAR,LEFT,0.58,AWARENESS
2026-07-16T16:46:43.993502,truck,7.0,FAR,LEFT,0.50,AWARENESS
2026-07-16T16:46:43.993502,car,7.0,FAR,RIGHT,0.50,AWARENESS
2026-07-16T16:46:43.993502,person,7.0,FAR,RIGHT,0.49,AWARENESS
2026-07-16T16:46:43.993502,person,7.0,FAR,RIGHT,0.45,AWARENESS
2026-07-16T16:46:44.012569,car,7.0,FAR,RIGHT,0.76,AWARENESS
2026-07-16T16:46:44.012569,car,7.0,FAR,RIGHT,0.63,AWARENESS
2026-07-16T16:46:44.012569,car,7.0,FAR,RIGHT,0.62,AWARENESS
2026-07-16T16:46:44.012569,car,7.0,FAR,RIGHT,0.43,AWARENESS
2026-07-16T16:46:44.012569,person,7.0,FAR,RIGHT,0.39,AWARENESS
2026-07-16T16:46:44.012569,person,7.0,FAR,RIGHT,0.37,AWARENESS
2026-07-16T16:46:44.012569,person,7.0,FAR,RIGHT,0.35,AWARENESS
2026-07-16T16:46:44.012569,motorcycle,7.0,FAR,RIGHT,0.32,AWARENESS
2026-07-16T16:46:44.032114,car,7.0,FAR,RIGHT,0.75,AWARENESS
2026-07-16T16:46:44.032114,car,7.0,FAR,RIGHT,0.71,AWARENESS
2026-07-16T16:46:44.032114,car,7.0,FAR,RIGHT,0.59,AWARENESS
2026-07-16T16:46:44.032114,person,7.0,FAR,RIGHT,0.42,AWARENESS
2026-07-16T16:46:44.032114,motorcycle,7.0,FAR,LEFT,0.40,AWARENESS
2026-07-16T16:46:44.032114,person,7.0,FAR,RIGHT,0.40,AWARENESS
2026-07-16T16:46:44.032114,car,7.0,FAR,RIGHT,0.37,AWARENESS
2026-07-16T16:46:44.032114,person,7.0,FAR,RIGHT,0.35,AWARENESS
2026-07-16T16:46:44.032114,person,7.0,FAR,LEFT,0.33,AWARENESS
2026-07-16T16:46:44.032114,truck,7.0,FAR,LEFT,0.32,AWARENESS
2026-07-16T16:46:44.032114,truck,7.0,FAR,LEFT,0.32,AWARENESS
2026-07-16T16:46:44.032114,car,7.0,FAR,RIGHT,0.31,AWARENESS
2026-07-16T16:46:44.032114,motorcycle,7.0,FAR,RIGHT,0.30,AWARENESS
2026-07-16T16:46:44.051976,car,7.0,FAR,RIGHT,0.76,AWARENESS
2026-07-16T16:46:44.051976,car,7.0,FAR,RIGHT,0.61,AWARENESS
2026-07-16T16:46:44.051976,car,7.0,FAR,RIGHT,0.55,AWARENESS
2026-07-16T16:46:44.051976,car,7.0,FAR,RIGHT,0.54,AWARENESS
2026-07-16T16:46:44.051976,person,7.0,FAR,RIGHT,0.43,AWARENESS
2026-07-16T16:46:44.051976,person,7.0,FAR,RIGHT,0.40,AWARENESS
2026-07-16T16:46:44.051976,person,7.0,FAR,RIGHT,0.32,AWARENESS
2026-07-16T16:46:44.051976,truck,7.0,FAR,LEFT,0.31,AWARENESS
2026-07-16T16:46:44.074839,car,7.0,FAR,RIGHT,0.77,AWARENESS
2026-07-16T16:46:44.074839,car,7.0,FAR,RIGHT,0.76,AWARENESS
2026-07-16T16:46:44.074839,car,7.0,FAR,RIGHT,0.69,AWARENESS
2026-07-16T16:46:44.074839,person,7.0,FAR,RIGHT,0.63,AWARENESS
2026-07-16T16:46:44.074839,person,7.0,FAR,RIGHT,0.54,AWARENESS
2026-07-16T16:46:44.074839,person,7.0,FAR,RIGHT,0.42,AWARENESS
2026-07-16T16:46:44.074839,car,7.0,FAR,RIGHT,0.41,AWARENESS
2026-07-16T16:46:44.074839,person,7.0,FAR,RIGHT,0.39,AWARENESS
2026-07-16T16:46:44.074839,person,7.0,FAR,RIGHT,0.39,AWARENESS
2026-07-16T16:46:44.074839,person,7.0,FAR,LEFT,0.33,AWARENESS
2026-07-16T16:46:44.095156,car,7.0,FAR,RIGHT,0.77,AWARENESS
2026-07-16T16:46:44.095156,car,7.0,FAR,RIGHT,0.76,AWARENESS
2026-07-16T16:46:44.095156,car,7.0,FAR,RIGHT,0.72,AWARENESS
2026-07-16T16:46:44.095156,person,7.0,FAR,RIGHT,0.68,AWARENESS
2026-07-16T16:46:44.095156,person,7.0,FAR,RIGHT,0.47,AWARENESS
2026-07-16T16:46:44.095156,person,7.0,FAR,RIGHT,0.45,AWARENESS
2026-07-16T16:46:44.095156,bus,7.0,FAR,LEFT,0.36,AWARENESS
2026-07-16T16:46:44.095156,person,7.0,FAR,RIGHT,0.34,AWARENESS
2026-07-16T16:46:44.095156,person,7.0,FAR,LEFT,0.31,AWARENESS
2026-07-16T16:46:44.095156,person,7.0,FAR,RIGHT,0.30,AWARENESS
2026-07-16T16:46:44.114737,car,7.0,FAR,RIGHT,0.73,AWARENESS
2026-07-16T16:46:44.114737,car,7.0,FAR,RIGHT,0.73,AWARENESS
2026-07-16T16:46:44.114737,car,7.0,FAR,RIGHT,0.60,AWARENESS
2026-07-16T16:46:44.114737,person,7.0,FAR,RIGHT,0.60,AWARENESS
2026-07-16T16:46:44.114737,person,7.0,FAR,RIGHT,0.45,AWARENESS
2026-07-16T16:46:44.114737,person,7.0,FAR,RIGHT,0.38,AWARENESS
2026-07-16T16:46:44.114737,person,7.0,FAR,RIGHT,0.30,AWARENESS
2026-07-16T16:46:44.133903,car,7.0,FAR,RIGHT,0.71,AWARENESS
2026-07-16T16:46:44.133903,car,7.0,FAR,RIGHT,0.63,AWARENESS
2026-07-16T16:46:44.133903,person,7.0,FAR,RIGHT,0.63,AWARENESS
2026-07-16T16:46:44.133903,car,7.0,FAR,RIGHT,0.59,AWARENESS
2026-07-16T16:46:44.133903,car,7.0,FAR,LEFT,0.37,AWARENESS
2026-07-16T16:46:44.133903,person,7.0,FAR,RIGHT,0.35,AWARENESS
2026-07-16T16:46:44.133903,person,7.0,FAR,RIGHT,0.34,AWARENESS
2026-07-16T16:46:44.133903,person,7.0,FAR,RIGHT,0.33,AWARENESS
2026-07-16T16:46:44.154085,car,7.0,FAR,RIGHT,0.68,AWARENESS
2026-07-16T16:46:44.154085,person,7.0,FAR,RIGHT,0.67,AWARENESS
2026-07-16T16:46:44.154085,car,7.0,FAR,RIGHT,0.63,AWARENESS
2026-07-16T16:46:44.154085,car,7.0,FAR,LEFT,0.63,AWARENESS
2026-07-16T16:46:44.154085,car,7.0,FAR,RIGHT,0.46,AWARENESS
2026-07-16T16:46:44.154085,motorcycle,7.0,FAR,RIGHT,0.43,AWARENESS
2026-07-16T16:46:44.154085,person,7.0,FAR,RIGHT,0.40,AWARENESS
2026-07-16T16:46:44.154085,person,7.0,FAR,RIGHT,0.38,AWARENESS
2026-07-16T16:46:44.154085,person,7.0,FAR,RIGHT,0.37,AWARENESS
2026-07-16T16:46:44.154085,person,7.0,FAR,RIGHT,0.34,AWARENESS
2026-07-16T16:46:44.154085,car,7.0,FAR,LEFT,0.33,AWARENESS
2026-07-16T16:46:44.174026,car,7.0,FAR,RIGHT,0.75,AWARENESS
2026-07-16T16:46:44.174026,car,7.0,FAR,RIGHT,0.67,AWARENESS
2026-07-16T16:46:44.174026,person,7.0,FAR,RIGHT,0.65,AWARENESS
2026-07-16T16:46:44.174026,car,7.0,FAR,LEFT,0.62,AWARENESS
2026-07-16T16:46:44.174026,car,7.0,FAR,RIGHT,0.62,AWARENESS
2026-07-16T16:46:44.174026,car,7.0,FAR,LEFT,0.60,AWARENESS
2026-07-16T16:46:44.174026,person,7.0,FAR,RIGHT,0.58,AWARENESS
2026-07-16T16:46:44.174026,car,7.0,FAR,RIGHT,0.36,AWARENESS
2026-07-16T16:46:44.174026,motorcycle,7.0,FAR,RIGHT,0.35,AWARENESS
2026-07-16T16:46:44.174026,person,7.0,FAR,RIGHT,0.35,AWARENESS
2026-07-16T16:46:44.174026,motorcycle,7.0,FAR,LEFT,0.31,AWARENESS
2026-07-16T16:46:44.193934,car,7.0,FAR,RIGHT,0.74,AWARENESS
2026-07-16T16:46:44.193934,car,7.0,FAR,RIGHT,0.73,AWARENESS
2026-07-16T16:46:44.193934,person,7.0,FAR,RIGHT,0.62,AWARENESS
2026-07-16T16:46:44.193934,car,7.0,FAR,RIGHT,0.60,AWARENESS
2026-07-16T16:46:44.193934,person,7.0,FAR,RIGHT,0.53,AWARENESS
2026-07-16T16:46:44.193934,motorcycle,7.0,FAR,LEFT,0.51,AWARENESS
2026-07-16T16:46:44.193934,car,7.0,FAR,RIGHT,0.47,AWARENESS
2026-07-16T16:46:44.193934,car,7.0,FAR,LEFT,0.40,AWARENESS
2026-07-16T16:46:44.193934,car,7.0,FAR,RIGHT,0.37,AWARENESS
2026-07-16T16:46:44.193934,car,7.0,FAR,RIGHT,0.34,AWARENESS
2026-07-16T16:46:44.218870,car,7.0,FAR,RIGHT,0.74,AWARENESS
2026-07-16T16:46:44.218870,car,7.0,FAR,RIGHT,0.69,AWARENESS
2026-07-16T16:46:44.218870,person,7.0,FAR,RIGHT,0.58,AWARENESS
2026-07-16T16:46:44.218870,car,7.0,FAR,RIGHT,0.51,AWARENESS
2026-07-16T16:46:44.218870,person,7.0,FAR,RIGHT,0.50,AWARENESS
2026-07-16T16:46:44.218870,car,7.0,FAR,RIGHT,0.34,AWARENESS
2026-07-16T16:46:44.218870,motorcycle,7.0,FAR,LEFT,0.33,AWARENESS
2026-07-16T16:46:44.218870,motorcycle,7.0,FAR,RIGHT,0.31,AWARENESS
2026-07-16T16:46:44.218870,person,7.0,FAR,RIGHT,0.31,AWARENESS
2026-07-16T16:46:44.218870,car,7.0,FAR,RIGHT,0.30,AWARENESS
2026-07-16T16:46:44.238752,car,7.0,FAR,LEFT,0.79,AWARENESS
2026-07-16T16:46:44.238752,car,7.0,FAR,RIGHT,0.75,AWARENESS
2026-07-16T16:46:44.238752,car,7.0,FAR,RIGHT,0.67,AWARENESS
2026-07-16T16:46:44.238752,person,7.0,FAR,RIGHT,0.59,AWARENESS
2026-07-16T16:46:44.238752,car,7.0,FAR,LEFT,0.46,AWARENESS
2026-07-16T16:46:44.238752,person,7.0,FAR,RIGHT,0.43,AWARENESS
2026-07-16T16:46:44.238752,car,7.0,FAR,LEFT,0.37,AWARENESS
2026-07-16T16:46:44.238752,car,7.0,FAR,RIGHT,0.36,AWARENESS
2026-07-16T16:46:44.238752,car,7.0,FAR,RIGHT,0.30,AWARENESS
2026-07-16T16:46:44.258255,car,7.0,FAR,LEFT,0.76,AWARENESS
2026-07-16T16:46:44.258255,car,7.0,FAR,RIGHT,0.75,AWARENESS
2026-07-16T16:46:44.258255,car,7.0,FAR,LEFT,0.73,AWARENESS
2026-07-16T16:46:44.258255,person,7.0,FAR,RIGHT,0.66,AWARENESS
2026-07-16T16:46:44.258255,car,7.0,FAR,RIGHT,0.64,AWARENESS
2026-07-16T16:46:44.258255,person,7.0,FAR,RIGHT,0.61,AWARENESS
2026-07-16T16:46:44.258255,motorcycle,7.0,FAR,LEFT,0.59,AWARENESS
2026-07-16T16:46:44.258255,car,7.0,FAR,RIGHT,0.51,AWARENESS
2026-07-16T16:46:44.258255,motorcycle,7.0,FAR,LEFT,0.50,AWARENESS
2026-07-16T16:46:44.258255,car,7.0,FAR,LEFT,0.48,AWARENESS
2026-07-16T16:46:44.258255,car,7.0,FAR,RIGHT,0.42,AWARENESS
2026-07-16T16:46:44.258255,car,7.0,FAR,LEFT,0.35,AWARENESS
2026-07-16T16:46:44.258255,car,7.0,FAR,RIGHT,0.32,AWARENESS
2026-07-16T16:46:44.280605,car,7.0,FAR,LEFT,0.74,AWARENESS
2026-07-16T16:46:44.280605,person,7.0,FAR,RIGHT,0.70,AWARENESS
2026-07-16T16:46:44.280605,car,7.0,FAR,LEFT,0.61,AWARENESS
2026-07-16T16:46:44.280605,car,7.0,FAR,RIGHT,0.56,AWARENESS
2026-07-16T16:46:44.280605,car,7.0,FAR,RIGHT,0.50,AWARENESS
2026-07-16T16:46:44.280605,person,7.0,FAR,RIGHT,0.48,AWARENESS
2026-07-16T16:46:44.280605,car,7.0,FAR,LEFT,0.47,AWARENESS
2026-07-16T16:46:44.280605,person,7.0,FAR,RIGHT,0.40,AWARENESS
2026-07-16T16:46:44.280605,car,7.0,FAR,RIGHT,0.40,AWARENESS
2026-07-16T16:46:44.280605,car,7.0,FAR,RIGHT,0.33,AWARENESS
2026-07-16T16:46:44.280605,car,7.0,FAR,RIGHT,0.30,AWARENESS
2026-07-16T16:46:44.302104,car,7.0,FAR,LEFT,0.71,AWARENESS
2026-07-16T16:46:44.302104,car,7.0,FAR,LEFT,0.69,AWARENESS
2026-07-16T16:46:44.302104,car,7.0,FAR,RIGHT,0.63,AWARENESS
2026-07-16T16:46:44.302104,car,7.0,FAR,RIGHT,0.55,AWARENESS
2026-07-16T16:46:44.302104,car,7.0,FAR,RIGHT,0.54,AWARENESS
2026-07-16T16:46:44.302104,person,7.0,FAR,RIGHT,0.54,AWARENESS
2026-07-16T16:46:44.302104,person,7.0,FAR,RIGHT,0.46,AWARENESS
2026-07-16T16:46:44.302104,car,7.0,FAR,RIGHT,0.45,AWARENESS
2026-07-16T16:46:44.302104,person,7.0,FAR,RIGHT,0.42,AWARENESS
2026-07-16T16:46:44.302104,motorcycle,7.0,FAR,LEFT,0.41,AWARENESS
2026-07-16T16:46:44.302104,car,7.0,FAR,RIGHT,0.37,AWARENESS
2026-07-16T16:46:44.302104,car,7.0,FAR,RIGHT,0.31,AWARENESS
2026-07-16T16:46:44.302104,car,7.0,FAR,LEFT,0.31,AWARENESS
2026-07-16T16:46:44.323227,car,7.0,FAR,RIGHT,0.78,AWARENESS
2026-07-16T16:46:44.323227,car,7.0,FAR,LEFT,0.70,AWARENESS
2026-07-16T16:46:44.323227,car,7.0,FAR,RIGHT,0.68,AWARENESS
2026-07-16T16:46:44.323227,car,7.0,FAR,LEFT,0.60,AWARENESS
2026-07-16T16:46:44.323227,car,7.0,FAR,RIGHT,0.57,AWARENESS
2026-07-16T16:46:44.323227,person,7.0,FAR,RIGHT,0.55,AWARENESS
2026-07-16T16:46:44.323227,person,7.0,FAR,RIGHT,0.50,AWARENESS
2026-07-16T16:46:44.323227,car,7.0,FAR,RIGHT,0.47,AWARENESS
2026-07-16T16:46:44.323227,car,7.0,FAR,RIGHT,0.46,AWARENESS
2026-07-16T16:46:44.323227,truck,7.0,FAR,LEFT,0.39,AWARENESS
2026-07-16T16:46:44.323227,person,7.0,FAR,RIGHT,0.38,AWARENESS
2026-07-16T16:46:44.345448,car,7.0,FAR,RIGHT,0.77,AWARENESS
2026-07-16T16:46:44.345448,car,7.0,FAR,LEFT,0.71,AWARENESS
2026-07-16T16:46:44.345448,car,7.0,FAR,LEFT,0.60,AWARENESS
2026-07-16T16:46:44.345448,person,7.0,FAR,RIGHT,0.59,AWARENESS
2026-07-16T16:46:44.345448,car,7.0,FAR,RIGHT,0.55,AWARENESS
2026-07-16T16:46:44.345448,person,7.0,FAR,RIGHT,0.46,AWARENESS
2026-07-16T16:46:44.345448,car,7.0,FAR,RIGHT,0.45,AWARENESS
2026-07-16T16:46:44.345448,car,7.0,FAR,RIGHT,0.44,AWARENESS
2026-07-16T16:46:44.345448,car,7.0,FAR,RIGHT,0.40,AWARENESS
2026-07-16T16:46:44.345448,person,7.0,FAR,RIGHT,0.40,AWARENESS
2026-07-16T16:46:44.345448,car,7.0,FAR,RIGHT,0.31,AWARENESS
2026-07-16T16:46:44.365182,car,7.0,FAR,LEFT,0.71,AWARENESS
2026-07-16T16:46:44.365182,car,7.0,FAR,RIGHT,0.70,AWARENESS
2026-07-16T16:46:44.365182,car,7.0,FAR,LEFT,0.64,AWARENESS
2026-07-16T16:46:44.365182,person,7.0,FAR,RIGHT,0.62,AWARENESS
2026-07-16T16:46:44.365182,car,7.0,FAR,RIGHT,0.55,AWARENESS
2026-07-16T16:46:44.365182,person,7.0,FAR,RIGHT,0.55,AWARENESS
2026-07-16T16:46:44.365182,person,7.0,FAR,RIGHT,0.43,AWARENESS
2026-07-16T16:46:44.365182,car,7.0,FAR,RIGHT,0.42,AWARENESS
2026-07-16T16:46:44.365182,car,7.0,FAR,RIGHT,0.38,AWARENESS
2026-07-16T16:46:44.365182,car,7.0,FAR,RIGHT,0.33,AWARENESS
2026-07-16T16:46:44.384841,car,7.0,FAR,RIGHT,0.72,AWARENESS
2026-07-16T16:46:44.384841,car,7.0,FAR,LEFT,0.68,AWARENESS
2026-07-16T16:46:44.384841,car,7.0,FAR,LEFT,0.66,AWARENESS
2026-07-16T16:46:44.384841,person,7.0,FAR,RIGHT,0.65,AWARENESS
2026-07-16T16:46:44.384841,person,7.0,FAR,RIGHT,0.47,AWARENESS
2026-07-16T16:46:44.384841,car,7.0,FAR,RIGHT,0.44,AWARENESS
2026-07-16T16:46:44.384841,car,7.0,FAR,RIGHT,0.44,AWARENESS
2026-07-16T16:46:44.384841,car,7.0,FAR,RIGHT,0.44,AWARENESS
2026-07-16T16:46:44.384841,car,7.0,FAR,RIGHT,0.36,AWARENESS
2026-07-16T16:46:44.384841,person,7.0,FAR,RIGHT,0.35,AWARENESS
2026-07-16T16:46:44.384841,car,7.0,FAR,LEFT,0.34,AWARENESS
2026-07-16T16:46:44.384841,person,7.0,FAR,RIGHT,0.30,AWARENESS
2026-07-16T16:46:44.404419,car,7.0,FAR,RIGHT,0.78,AWARENESS
2026-07-16T16:46:44.404419,car,7.0,FAR,LEFT,0.71,AWARENESS
2026-07-16T16:46:44.404419,car,7.0,FAR,LEFT,0.66,AWARENESS
2026-07-16T16:46:44.404419,person,7.0,FAR,RIGHT,0.56,AWARENESS
2026-07-16T16:46:44.404419,car,7.0,FAR,RIGHT,0.48,AWARENESS
2026-07-16T16:46:44.404419,car,7.0,FAR,RIGHT,0.46,AWARENESS
2026-07-16T16:46:44.404419,person,7.0,FAR,RIGHT,0.41,AWARENESS
2026-07-16T16:46:44.404419,person,7.0,FAR,RIGHT,0.37,AWARENESS
2026-07-16T16:46:44.423982,car,7.0,FAR,LEFT,0.76,AWARENESS
2026-07-16T16:46:44.423982,car,7.0,FAR,LEFT,0.76,AWARENESS
2026-07-16T16:46:44.423982,car,7.0,FAR,RIGHT,0.67,AWARENESS
2026-07-16T16:46:44.423982,car,7.0,FAR,RIGHT,0.60,AWARENESS
2026-07-16T16:46:44.423982,person,7.0,FAR,RIGHT,0.56,AWARENESS
2026-07-16T16:46:44.423982,car,7.0,FAR,RIGHT,0.45,AWARENESS
2026-07-16T16:46:44.423982,car,7.0,FAR,RIGHT,0.43,AWARENESS
2026-07-16T16:46:44.423982,car,7.0,FAR,RIGHT,0.40,AWARENESS
2026-07-16T16:46:44.423982,car,7.0,FAR,RIGHT,0.40,AWARENESS
2026-07-16T16:46:44.423982,person,7.0,FAR,RIGHT,0.35,AWARENESS
2026-07-16T16:46:44.423982,person,7.0,FAR,RIGHT,0.31,AWARENESS
2026-07-16T16:46:44.423982,person,7.0,FAR,LEFT,0.30,AWARENESS
2026-07-16T16:46:44.444891,car,7.0,FAR,LEFT,0.78,AWARENESS
2026-07-16T16:46:44.444891,car,7.0,FAR,LEFT,0.78,AWARENESS
2026-07-16T16:46:44.444891,car,7.0,FAR,RIGHT,0.63,AWARENESS
2026-07-16T16:46:44.444891,person,7.0,FAR,RIGHT,0.55,AWARENESS
2026-07-16T16:46:44.444891,car,7.0,FAR,RIGHT,0.41,AWARENESS
2026-07-16T16:46:44.444891,car,7.0,FAR,RIGHT,0.39,AWARENESS
2026-07-16T16:46:44.444891,car,7.0,FAR,RIGHT,0.39,AWARENESS
2026-07-16T16:46:44.444891,motorcycle,7.0,FAR,LEFT,0.38,AWARENESS
2026-07-16T16:46:44.444891,car,7.0,FAR,RIGHT,0.37,AWARENESS
2026-07-16T16:46:44.444891,person,7.0,FAR,RIGHT,0.37,AWARENESS
2026-07-16T16:46:44.444891,car,7.0,FAR,LEFT,0.36,AWARENESS
2026-07-16T16:46:44.444891,person,7.0,FAR,LEFT,0.32,AWARENESS
2026-07-16T16:46:44.444891,car,7.0,FAR,RIGHT,0.31,AWARENESS
2026-07-16T16:46:44.444891,person,7.0,FAR,RIGHT,0.30,AWARENESS
2026-07-16T16:46:44.465256,car,7.0,FAR,LEFT,0.75,AWARENESS
2026-07-16T16:46:44.465256,car,7.0,FAR,LEFT,0.75,AWARENESS
2026-07-16T16:46:44.465256,car,7.0,FAR,RIGHT,0.62,AWARENESS
2026-07-16T16:46:44.465256,person,7.0,FAR,RIGHT,0.53,AWARENESS
2026-07-16T16:46:44.465256,person,7.0,FAR,RIGHT,0.49,AWARENESS
2026-07-16T16:46:44.465256,car,7.0,FAR,RIGHT,0.46,AWARENESS
2026-07-16T16:46:44.465256,car,7.0,FAR,RIGHT,0.38,AWARENESS
2026-07-16T16:46:44.465256,car,7.0,FAR,RIGHT,0.38,AWARENESS
2026-07-16T16:46:44.465256,car,7.0,FAR,RIGHT,0.32,AWARENESS
2026-07-16T16:46:44.465256,person,7.0,FAR,LEFT,0.31,AWARENESS
2026-07-16T16:46:44.465256,person,7.0,FAR,LEFT,0.31,AWARENESS
2026-07-16T16:46:44.487895,car,7.0,FAR,LEFT,0.80,AWARENESS
2026-07-16T16:46:44.487895,car,7.0,FAR,LEFT,0.77,AWARENESS
2026-07-16T16:46:44.487895,car,7.0,FAR,RIGHT,0.72,AWARENESS
2026-07-16T16:46:44.487895,car,7.0,FAR,RIGHT,0.57,AWARENESS
2026-07-16T16:46:44.487895,person,7.0,FAR,RIGHT,0.51,AWARENESS
2026-07-16T16:46:44.487895,car,7.0,FAR,RIGHT,0.36,AWARENESS
2026-07-16T16:46:44.487895,car,7.0,FAR,RIGHT,0.36,AWARENESS
2026-07-16T16:46:44.487895,person,7.0,FAR,RIGHT,0.32,AWARENESS
2026-07-16T16:46:44.487895,person,7.0,FAR,RIGHT,0.32,AWARENESS
2026-07-16T16:46:44.487895,car,7.0,FAR,RIGHT,0.31,AWARENESS
2026-07-16T16:46:44.487895,person,7.0,FAR,LEFT,0.31,AWARENESS
2026-07-16T16:46:44.508125,car,3.5,NEAR,LEFT,0.74,AWARENESS
2026-07-16T16:46:44.508125,car,7.0,FAR,RIGHT,0.74,AWARENESS
2026-07-16T16:46:44.508125,car,7.0,FAR,LEFT,0.70,AWARENESS
2026-07-16T16:46:44.508125,car,7.0,FAR,RIGHT,0.64,AWARENESS
2026-07-16T16:46:44.508125,person,7.0,FAR,RIGHT,0.51,AWARENESS
2026-07-16T16:46:44.508125,motorcycle,7.0,FAR,RIGHT,0.43,AWARENESS
2026-07-16T16:46:44.508125,car,7.0,FAR,RIGHT,0.41,AWARENESS
2026-07-16T16:46:44.527612,car,3.5,NEAR,LEFT,0.80,AWARENESS
2026-07-16T16:46:44.527612,car,7.0,FAR,RIGHT,0.71,AWARENESS
2026-07-16T16:46:44.527612,car,7.0,FAR,LEFT,0.69,AWARENESS
2026-07-16T16:46:44.527612,car,7.0,FAR,RIGHT,0.55,AWARENESS
2026-07-16T16:46:44.527612,person,7.0,FAR,RIGHT,0.50,AWARENESS
2026-07-16T16:46:44.527612,car,7.0,FAR,RIGHT,0.36,AWARENESS
2026-07-16T16:46:44.547759,car,7.0,FAR,RIGHT,0.72,AWARENESS
2026-07-16T16:46:44.547759,car,7.0,FAR,LEFT,0.72,AWARENESS
2026-07-16T16:46:44.547759,car,3.5,NEAR,LEFT,0.71,AWARENESS
2026-07-16T16:46:44.547759,person,7.0,FAR,RIGHT,0.54,AWARENESS
2026-07-16T16:46:44.547759,person,7.0,FAR,LEFT,0.48,AWARENESS
2026-07-16T16:46:44.547759,car,7.0,FAR,RIGHT,0.43,AWARENESS
2026-07-16T16:46:44.547759,car,7.0,FAR,LEFT,0.38,AWARENESS
2026-07-16T16:46:44.547759,car,7.0,FAR,LEFT,0.33,AWARENESS
2026-07-16T16:46:44.547759,car,7.0,FAR,RIGHT,0.33,AWARENESS
2026-07-16T16:46:44.568667,car,7.0,FAR,RIGHT,0.75,AWARENESS
2026-07-16T16:46:44.568667,car,7.0,FAR,LEFT,0.65,AWARENESS
2026-07-16T16:46:44.568667,car,3.5,NEAR,LEFT,0.61,AWARENESS
2026-07-16T16:46:44.568667,person,7.0,FAR,RIGHT,0.57,AWARENESS
2026-07-16T16:46:44.568667,person,7.0,FAR,RIGHT,0.48,AWARENESS
2026-07-16T16:46:44.568667,person,7.0,FAR,RIGHT,0.47,AWARENESS
2026-07-16T16:46:44.568667,car,7.0,FAR,RIGHT,0.39,AWARENESS
2026-07-16T16:46:44.568667,car,7.0,FAR,RIGHT,0.39,AWARENESS
2026-07-16T16:46:44.568667,person,7.0,FAR,LEFT,0.37,AWARENESS
2026-07-16T16:46:44.568667,car,7.0,FAR,RIGHT,0.35,AWARENESS
2026-07-16T16:46:44.600890,car,7.0,FAR,RIGHT,0.76,AWARENESS
2026-07-16T16:46:44.600890,car,7.0,FAR,LEFT,0.70,AWARENESS
2026-07-16T16:46:44.600890,car,7.0,FAR,LEFT,0.66,AWARENESS
2026-07-16T16:46:44.600890,person,7.0,FAR,RIGHT,0.52,AWARENESS
2026-07-16T16:46:44.600890,person,7.0,FAR,RIGHT,0.50,AWARENESS
2026-07-16T16:46:44.600890,car,7.0,FAR,RIGHT,0.36,AWARENESS
2026-07-16T16:46:44.600890,car,7.0,FAR,RIGHT,0.31,AWARENESS
2026-07-16T16:46:44.624604,car,7.0,FAR,RIGHT,0.77,AWARENESS
2026-07-16T16:46:44.624604,car,7.0,FAR,LEFT,0.76,AWARENESS
2026-07-16T16:46:44.624604,car,7.0,FAR,LEFT,0.66,AWARENESS
2026-07-16T16:46:44.624604,person,7.0,FAR,LEFT,0.53,AWARENESS
2026-07-16T16:46:44.624604,car,7.0,FAR,RIGHT,0.51,AWARENESS
2026-07-16T16:46:44.624604,person,7.0,FAR,RIGHT,0.44,AWARENESS
2026-07-16T16:46:44.624604,car,7.0,FAR,RIGHT,0.40,AWARENESS
2026-07-16T16:46:44.624604,car,7.0,FAR,LEFT,0.38,AWARENESS
2026-07-16T16:46:44.624604,person,7.0,FAR,RIGHT,0.37,AWARENESS
2026-07-16T16:46:44.624604,car,7.0,FAR,RIGHT,0.32,AWARENESS
2026-07-16T16:46:44.645244,car,7.0,FAR,RIGHT,0.76,AWARENESS
2026-07-16T16:46:44.645244,car,7.0,FAR,LEFT,0.68,AWARENESS
2026-07-16T16:46:44.645244,person,7.0,FAR,RIGHT,0.59,AWARENESS
2026-07-16T16:46:44.645244,car,7.0,FAR,LEFT,0.57,AWARENESS
2026-07-16T16:46:44.645244,person,7.0,FAR,RIGHT,0.46,AWARENESS
2026-07-16T16:46:44.645244,car,7.0,FAR,RIGHT,0.43,AWARENESS
2026-07-16T16:46:44.645244,car,7.0,FAR,RIGHT,0.42,AWARENESS
2026-07-16T16:46:44.645244,motorcycle,7.0,FAR,LEFT,0.41,AWARENESS
2026-07-16T16:46:44.645244,car,7.0,FAR,RIGHT,0.33,AWARENESS
2026-07-16T16:46:44.645244,person,7.0,FAR,RIGHT,0.32,AWARENESS
2026-07-16T16:46:44.645244,motorcycle,7.0,FAR,LEFT,0.32,AWARENESS
2026-07-16T16:46:44.665128,car,7.0,FAR,RIGHT,0.72,AWARENESS
2026-07-16T16:46:44.665128,car,7.0,FAR,LEFT,0.67,AWARENESS
2026-07-16T16:46:44.665128,person,7.0,FAR,RIGHT,0.60,AWARENESS
2026-07-16T16:46:44.665128,motorcycle,7.0,FAR,LEFT,0.53,AWARENESS
2026-07-16T16:46:44.665128,person,7.0,FAR,RIGHT,0.51,AWARENESS
2026-07-16T16:46:44.665128,car,7.0,FAR,RIGHT,0.44,AWARENESS
2026-07-16T16:46:44.665128,car,7.0,FAR,RIGHT,0.41,AWARENESS
2026-07-16T16:46:44.665128,person,7.0,FAR,RIGHT,0.39,AWARENESS
2026-07-16T16:46:44.684604,car,7.0,FAR,RIGHT,0.70,AWARENESS
2026-07-16T16:46:44.684604,car,7.0,FAR,LEFT,0.67,AWARENESS
2026-07-16T16:46:44.684604,car,7.0,FAR,RIGHT,0.59,AWARENESS
2026-07-16T16:46:44.684604,person,7.0,FAR,RIGHT,0.58,AWARENESS
2026-07-16T16:46:44.684604,person,7.0,FAR,RIGHT,0.56,AWARENESS
2026-07-16T16:46:44.684604,motorcycle,7.0,FAR,LEFT,0.46,AWARENESS
2026-07-16T16:46:44.684604,person,7.0,FAR,RIGHT,0.39,AWARENESS
2026-07-16T16:46:44.684604,car,7.0,FAR,RIGHT,0.39,AWARENESS
2026-07-16T16:46:44.684604,car,7.0,FAR,RIGHT,0.35,AWARENESS
2026-07-16T16:46:44.707119,car,7.0,FAR,RIGHT,0.80,AWARENESS
2026-07-16T16:46:44.707119,car,7.0,FAR,RIGHT,0.76,AWARENESS
2026-07-16T16:46:44.707119,car,7.0,FAR,RIGHT,0.52,AWARENESS
2026-07-16T16:46:44.707119,person,7.0,FAR,RIGHT,0.50,AWARENESS
2026-07-16T16:46:44.707119,car,7.0,FAR,RIGHT,0.50,AWARENESS
2026-07-16T16:46:44.707119,person,7.0,FAR,RIGHT,0.43,AWARENESS
2026-07-16T16:46:44.707119,car,7.0,FAR,RIGHT,0.42,AWARENESS
2026-07-16T16:46:44.707119,person,7.0,FAR,RIGHT,0.38,AWARENESS
2026-07-16T16:46:44.707119,motorcycle,7.0,FAR,LEFT,0.37,AWARENESS
2026-07-16T16:46:44.707119,car,7.0,FAR,RIGHT,0.32,AWARENESS
2026-07-16T16:46:44.707119,person,7.0,FAR,LEFT,0.32,AWARENESS
2026-07-16T16:46:44.707119,person,7.0,FAR,RIGHT,0.30,AWARENESS
2026-07-16T16:46:44.727820,car,7.0,FAR,RIGHT,0.76,AWARENESS
2026-07-16T16:46:44.727820,car,7.0,FAR,RIGHT,0.74,AWARENESS
2026-07-16T16:46:44.727820,person,7.0,FAR,RIGHT,0.54,AWARENESS
2026-07-16T16:46:44.727820,car,7.0,FAR,RIGHT,0.51,AWARENESS
2026-07-16T16:46:44.727820,car,7.0,FAR,RIGHT,0.43,AWARENESS
2026-07-16T16:46:44.727820,person,7.0,FAR,RIGHT,0.37,AWARENESS
2026-07-16T16:46:44.727820,person,7.0,FAR,RIGHT,0.37,AWARENESS
2026-07-16T16:46:44.727820,car,7.0,FAR,RIGHT,0.37,AWARENESS
2026-07-16T16:46:44.727820,motorcycle,7.0,FAR,RIGHT,0.34,AWARENESS
2026-07-16T16:46:44.727820,person,7.0,FAR,LEFT,0.34,AWARENESS
2026-07-16T16:46:44.748627,car,7.0,FAR,RIGHT,0.79,AWARENESS
2026-07-16T16:46:44.748627,car,7.0,FAR,RIGHT,0.64,AWARENESS
2026-07-16T16:46:44.748627,person,7.0,FAR,LEFT,0.56,AWARENESS
2026-07-16T16:46:44.748627,car,7.0,FAR,RIGHT,0.53,AWARENESS
2026-07-16T16:46:44.748627,car,7.0,FAR,RIGHT,0.53,AWARENESS
2026-07-16T16:46:44.748627,person,7.0,FAR,RIGHT,0.49,AWARENESS
2026-07-16T16:46:44.748627,car,7.0,FAR,RIGHT,0.44,AWARENESS
2026-07-16T16:46:44.748627,person,7.0,FAR,RIGHT,0.37,AWARENESS
2026-07-16T16:46:44.748627,car,7.0,FAR,RIGHT,0.32,AWARENESS
2026-07-16T16:46:44.769006,car,7.0,FAR,RIGHT,0.79,AWARENESS
2026-07-16T16:46:44.769006,car,7.0,FAR,RIGHT,0.70,AWARENESS
2026-07-16T16:46:44.769006,car,7.0,FAR,RIGHT,0.54,AWARENESS
2026-07-16T16:46:44.769006,person,7.0,FAR,RIGHT,0.44,AWARENESS
2026-07-16T16:46:44.769006,car,7.0,FAR,RIGHT,0.39,AWARENESS
2026-07-16T16:46:44.769006,car,7.0,FAR,LEFT,0.39,AWARENESS
2026-07-16T16:46:44.769006,car,7.0,FAR,RIGHT,0.38,AWARENESS
2026-07-16T16:46:44.789887,car,7.0,FAR,RIGHT,0.81,AWARENESS
2026-07-16T16:46:44.789887,car,7.0,FAR,RIGHT,0.76,AWARENESS
2026-07-16T16:46:44.789887,car,7.0,FAR,RIGHT,0.57,AWARENESS
2026-07-16T16:46:44.789887,person,7.0,FAR,RIGHT,0.53,AWARENESS
2026-07-16T16:46:44.789887,car,7.0,FAR,RIGHT,0.51,AWARENESS
2026-07-16T16:46:44.789887,car,7.0,FAR,LEFT,0.35,AWARENESS
2026-07-16T16:46:44.810418,car,7.0,FAR,RIGHT,0.84,AWARENESS
2026-07-16T16:46:44.810418,car,7.0,FAR,RIGHT,0.73,AWARENESS
2026-07-16T16:46:44.810418,person,7.0,FAR,RIGHT,0.63,AWARENESS
2026-07-16T16:46:44.810418,person,7.0,FAR,LEFT,0.61,AWARENESS
2026-07-16T16:46:44.810418,car,7.0,FAR,RIGHT,0.55,AWARENESS
2026-07-16T16:46:44.810418,person,7.0,FAR,RIGHT,0.50,AWARENESS
2026-07-16T16:46:44.810418,car,7.0,FAR,RIGHT,0.44,AWARENESS
2026-07-16T16:46:44.810418,motorcycle,7.0,FAR,LEFT,0.38,AWARENESS
2026-07-16T16:46:44.810418,person,7.0,FAR,RIGHT,0.34,AWARENESS
2026-07-16T16:46:44.810418,car,7.0,FAR,RIGHT,0.33,AWARENESS
2026-07-16T16:46:44.831621,car,7.0,FAR,RIGHT,0.79,AWARENESS
2026-07-16T16:46:44.831621,car,7.0,FAR,RIGHT,0.75,AWARENESS
2026-07-16T16:46:44.831621,person,7.0,FAR,RIGHT,0.63,AWARENESS
2026-07-16T16:46:44.831621,person,7.0,FAR,LEFT,0.58,AWARENESS
2026-07-16T16:46:44.831621,car,7.0,FAR,RIGHT,0.55,AWARENESS
2026-07-16T16:46:44.831621,car,7.0,FAR,RIGHT,0.50,AWARENESS
2026-07-16T16:46:44.831621,person,7.0,FAR,LEFT,0.50,AWARENESS
2026-07-16T16:46:44.831621,person,7.0,FAR,RIGHT,0.38,AWARENESS
2026-07-16T16:46:44.831621,person,7.0,FAR,RIGHT,0.30,AWARENESS
2026-07-16T16:46:44.853993,car,7.0,FAR,RIGHT,0.81,AWARENESS
2026-07-16T16:46:44.853993,car,7.0,FAR,RIGHT,0.80,AWARENESS
2026-07-16T16:46:44.853993,person,7.0,FAR,RIGHT,0.52,AWARENESS
2026-07-16T16:46:44.853993,person,7.0,FAR,LEFT,0.49,AWARENESS
2026-07-16T16:46:44.853993,car,7.0,FAR,RIGHT,0.47,AWARENESS
2026-07-16T16:46:44.853993,car,7.0,FAR,RIGHT,0.45,AWARENESS
2026-07-16T16:46:44.853993,person,7.0,FAR,RIGHT,0.39,AWARENESS
2026-07-16T16:46:44.853993,car,7.0,FAR,LEFT,0.34,AWARENESS
2026-07-16T16:46:44.853993,person,7.0,FAR,RIGHT,0.33,AWARENESS
2026-07-16T16:46:44.853993,person,7.0,FAR,LEFT,0.32,AWARENESS
2026-07-16T16:46:44.853993,person,7.0,FAR,RIGHT,0.32,AWARENESS
2026-07-16T16:46:44.875460,car,7.0,FAR,RIGHT,0.82,AWARENESS
2026-07-16T16:46:44.875460,car,7.0,FAR,RIGHT,0.75,AWARENESS
2026-07-16T16:46:44.875460,person,7.0,FAR,LEFT,0.65,AWARENESS
2026-07-16T16:46:44.875460,person,7.0,FAR,RIGHT,0.56,AWARENESS
2026-07-16T16:46:44.875460,person,7.0,FAR,LEFT,0.49,AWARENESS
2026-07-16T16:46:44.875460,car,7.0,FAR,RIGHT,0.44,AWARENESS
2026-07-16T16:46:44.875460,car,7.0,FAR,RIGHT,0.41,AWARENESS
2026-07-16T16:46:44.875460,person,7.0,FAR,RIGHT,0.37,AWARENESS
2026-07-16T16:46:44.875460,person,7.0,FAR,RIGHT,0.35,AWARENESS
2026-07-16T16:46:44.875460,truck,7.0,FAR,LEFT,0.33,AWARENESS
2026-07-16T16:46:44.875460,car,7.0,FAR,RIGHT,0.32,AWARENESS
2026-07-16T16:46:44.897628,car,7.0,FAR,RIGHT,0.71,AWARENESS
2026-07-16T16:46:44.897628,car,7.0,FAR,RIGHT,0.67,AWARENESS
2026-07-16T16:46:44.897628,person,7.0,FAR,LEFT,0.62,AWARENESS
2026-07-16T16:46:44.897628,person,7.0,FAR,RIGHT,0.56,AWARENESS
2026-07-16T16:46:44.897628,person,7.0,FAR,RIGHT,0.52,AWARENESS
2026-07-16T16:46:44.897628,car,7.0,FAR,RIGHT,0.51,AWARENESS
2026-07-16T16:46:44.897628,person,7.0,FAR,LEFT,0.47,AWARENESS
2026-07-16T16:46:44.897628,car,7.0,FAR,RIGHT,0.43,AWARENESS
2026-07-16T16:46:44.897628,person,7.0,FAR,RIGHT,0.39,AWARENESS
2026-07-16T16:46:44.897628,person,7.0,FAR,LEFT,0.37,AWARENESS
2026-07-16T16:46:44.897628,person,7.0,FAR,LEFT,0.37,AWARENESS
2026-07-16T16:46:44.897628,car,7.0,FAR,LEFT,0.35,AWARENESS
2026-07-16T16:46:44.922628,car,7.0,FAR,RIGHT,0.76,AWARENESS
2026-07-16T16:46:44.922628,car,7.0,FAR,RIGHT,0.67,AWARENESS
2026-07-16T16:46:44.922628,person,7.0,FAR,LEFT,0.65,AWARENESS
2026-07-16T16:46:44.922628,person,7.0,FAR,RIGHT,0.64,AWARENESS
2026-07-16T16:46:44.922628,truck,7.0,FAR,LEFT,0.57,AWARENESS
2026-07-16T16:46:44.922628,person,7.0,FAR,RIGHT,0.51,AWARENESS
2026-07-16T16:46:44.922628,car,7.0,FAR,RIGHT,0.50,AWARENESS
2026-07-16T16:46:44.922628,person,7.0,FAR,LEFT,0.38,AWARENESS
2026-07-16T16:46:44.922628,person,7.0,FAR,RIGHT,0.34,AWARENESS
2026-07-16T16:46:44.922628,car,7.0,FAR,LEFT,0.32,AWARENESS
2026-07-16T16:46:44.945294,car,7.0,FAR,RIGHT,0.76,AWARENESS
2026-07-16T16:46:44.945294,person,7.0,FAR,LEFT,0.70,AWARENESS
2026-07-16T16:46:44.945294,car,7.0,FAR,RIGHT,0.66,AWARENESS
2026-07-16T16:46:44.945294,person,7.0,FAR,RIGHT,0.61,AWARENESS
2026-07-16T16:46:44.945294,person,7.0,FAR,RIGHT,0.60,AWARENESS
2026-07-16T16:46:44.945294,truck,7.0,FAR,LEFT,0.59,AWARENESS
2026-07-16T16:46:44.945294,person,7.0,FAR,RIGHT,0.46,AWARENESS
2026-07-16T16:46:44.945294,car,7.0,FAR,RIGHT,0.45,AWARENESS
2026-07-16T16:46:44.945294,person,7.0,FAR,RIGHT,0.42,AWARENESS
2026-07-16T16:46:44.945294,person,7.0,FAR,LEFT,0.42,AWARENESS
2026-07-16T16:46:44.945294,car,7.0,FAR,RIGHT,0.38,AWARENESS
2026-07-16T16:46:44.945294,person,7.0,FAR,RIGHT,0.38,AWARENESS
2026-07-16T16:46:44.945294,car,7.0,FAR,LEFT,0.31,AWARENESS
2026-07-16T16:46:44.968011,car,7.0,FAR,RIGHT,0.73,AWARENESS
2026-07-16T16:46:44.968011,car,7.0,FAR,RIGHT,0.71,AWARENESS
2026-07-16T16:46:44.968011,truck,7.0,FAR,LEFT,0.60,AWARENESS
2026-07-16T16:46:44.968011,person,7.0,FAR,RIGHT,0.59,AWARENESS
2026-07-16T16:46:44.968011,person,7.0,FAR,RIGHT,0.52,AWARENESS
2026-07-16T16:46:44.968011,person,7.0,FAR,LEFT,0.52,AWARENESS
2026-07-16T16:46:44.968011,person,7.0,FAR,LEFT,0.52,AWARENESS
2026-07-16T16:46:44.968011,car,7.0,FAR,RIGHT,0.48,AWARENESS
2026-07-16T16:46:44.968011,car,7.0,FAR,LEFT,0.38,AWARENESS
2026-07-16T16:46:44.989728,car,7.0,FAR,RIGHT,0.74,AWARENESS
2026-07-16T16:46:44.989728,car,7.0,FAR,RIGHT,0.72,AWARENESS
2026-07-16T16:46:44.989728,person,7.0,FAR,RIGHT,0.65,AWARENESS
2026-07-16T16:46:44.989728,truck,7.0,FAR,LEFT,0.61,AWARENESS
2026-07-16T16:46:44.989728,person,7.0,FAR,RIGHT,0.58,AWARENESS
2026-07-16T16:46:44.989728,person,7.0,FAR,LEFT,0.49,AWARENESS
2026-07-16T16:46:44.989728,car,7.0,FAR,RIGHT,0.39,AWARENESS
2026-07-16T16:46:44.989728,car,7.0,FAR,LEFT,0.38,AWARENESS
2026-07-16T16:46:44.989728,person,7.0,FAR,LEFT,0.31,AWARENESS
2026-07-16T16:46:44.989728,person,7.0,FAR,RIGHT,0.31,AWARENESS
2026-07-16T16:46:45.011329,car,7.0,FAR,RIGHT,0.78,AWARENESS
2026-07-16T16:46:45.011329,car,7.0,FAR,RIGHT,0.75,AWARENESS
2026-07-16T16:46:45.011329,truck,7.0,FAR,LEFT,0.65,AWARENESS
2026-07-16T16:46:45.011329,person,7.0,FAR,RIGHT,0.57,AWARENESS
2026-07-16T16:46:45.011329,person,7.0,FAR,RIGHT,0.52,AWARENESS
2026-07-16T16:46:45.011329,car,7.0,FAR,LEFT,0.48,AWARENESS
2026-07-16T16:46:45.011329,car,7.0,FAR,RIGHT,0.44,AWARENESS
2026-07-16T16:46:45.011329,person,7.0,FAR,LEFT,0.40,AWARENESS
2026-07-16T16:46:45.011329,person,7.0,FAR,RIGHT,0.39,AWARENESS
2026-07-16T16:46:45.011329,car,7.0,FAR,RIGHT,0.35,AWARENESS
2026-07-16T16:46:45.011329,motorcycle,7.0,FAR,RIGHT,0.31,AWARENESS
2026-07-16T16:46:45.032550,car,7.0,FAR,RIGHT,0.79,AWARENESS
2026-07-16T16:46:45.032550,car,7.0,FAR,RIGHT,0.74,AWARENESS
2026-07-16T16:46:45.032550,person,7.0,FAR,RIGHT,0.65,AWARENESS
2026-07-16T16:46:45.032550,truck,7.0,FAR,LEFT,0.53,AWARENESS
2026-07-16T16:46:45.032550,person,7.0,FAR,RIGHT,0.53,AWARENESS
2026-07-16T16:46:45.032550,person,7.0,FAR,RIGHT,0.50,AWARENESS
2026-07-16T16:46:45.032550,car,7.0,FAR,LEFT,0.42,AWARENESS
2026-07-16T16:46:45.032550,person,7.0,FAR,LEFT,0.38,AWARENESS
2026-07-16T16:46:45.032550,car,7.0,FAR,RIGHT,0.35,AWARENESS
2026-07-16T16:46:45.032550,person,7.0,FAR,RIGHT,0.32,AWARENESS
2026-07-16T16:46:45.054853,car,7.0,FAR,LEFT,0.77,AWARENESS
2026-07-16T16:46:45.054853,car,7.0,FAR,RIGHT,0.76,AWARENESS
2026-07-16T16:46:45.054853,truck,7.0,FAR,LEFT,0.56,AWARENESS
2026-07-16T16:46:45.054853,person,7.0,FAR,RIGHT,0.47,AWARENESS
2026-07-16T16:46:45.054853,car,7.0,FAR,RIGHT,0.45,AWARENESS
2026-07-16T16:46:45.054853,car,7.0,FAR,LEFT,0.44,AWARENESS
2026-07-16T16:46:45.054853,person,7.0,FAR,RIGHT,0.40,AWARENESS
2026-07-16T16:46:45.054853,person,7.0,FAR,RIGHT,0.39,AWARENESS
2026-07-16T16:46:45.054853,car,7.0,FAR,RIGHT,0.36,AWARENESS
2026-07-16T16:46:45.054853,person,7.0,FAR,LEFT,0.36,AWARENESS
2026-07-16T16:46:45.054853,person,7.0,FAR,RIGHT,0.34,AWARENESS
2026-07-16T16:46:45.054853,motorcycle,7.0,FAR,RIGHT,0.32,AWARENESS
2026-07-16T16:46:45.054853,car,7.0,FAR,RIGHT,0.32,AWARENESS
2026-07-16T16:46:45.080391,car,7.0,FAR,LEFT,0.74,AWARENESS
2026-07-16T16:46:45.080391,car,7.0,FAR,RIGHT,0.74,AWARENESS
2026-07-16T16:46:45.080391,car,7.0,FAR,RIGHT,0.65,AWARENESS
2026-07-16T16:46:45.080391,truck,7.0,FAR,LEFT,0.55,AWARENESS
2026-07-16T16:46:45.080391,person,7.0,FAR,RIGHT,0.50,AWARENESS
2026-07-16T16:46:45.080391,person,7.0,FAR,LEFT,0.42,AWARENESS
2026-07-16T16:46:45.080391,car,7.0,FAR,LEFT,0.41,AWARENESS
2026-07-16T16:46:45.080391,person,7.0,FAR,RIGHT,0.39,AWARENESS
2026-07-16T16:46:45.080391,motorcycle,7.0,FAR,RIGHT,0.37,AWARENESS
2026-07-16T16:46:45.080391,car,7.0,FAR,RIGHT,0.36,AWARENESS
2026-07-16T16:46:45.080391,person,7.0,FAR,RIGHT,0.35,AWARENESS
2026-07-16T16:46:45.080391,motorcycle,7.0,FAR,RIGHT,0.33,AWARENESS
2026-07-16T16:46:45.102771,car,7.0,FAR,RIGHT,0.84,AWARENESS
2026-07-16T16:46:45.102771,car,7.0,FAR,LEFT,0.80,AWARENESS
2026-07-16T16:46:45.102771,person,7.0,FAR,RIGHT,0.63,AWARENESS
2026-07-16T16:46:45.102771,truck,7.0,FAR,LEFT,0.38,AWARENESS
2026-07-16T16:46:45.102771,car,7.0,FAR,LEFT,0.33,AWARENESS
2026-07-16T16:46:45.102771,car,7.0,FAR,RIGHT,0.32,AWARENESS
2026-07-16T16:46:45.121910,car,7.0,FAR,RIGHT,0.83,AWARENESS
2026-07-16T16:46:45.121910,car,7.0,FAR,LEFT,0.82,AWARENESS
2026-07-16T16:46:45.121910,person,7.0,FAR,RIGHT,0.55,AWARENESS
2026-07-16T16:46:45.121910,car,7.0,FAR,RIGHT,0.42,AWARENESS
2026-07-16T16:46:45.121910,car,7.0,FAR,LEFT,0.42,AWARENESS
2026-07-16T16:46:45.121910,car,7.0,FAR,LEFT,0.40,AWARENESS
2026-07-16T16:46:45.121910,truck,7.0,FAR,LEFT,0.37,AWARENESS
2026-07-16T16:46:45.121910,motorcycle,7.0,FAR,RIGHT,0.35,AWARENESS
2026-07-16T16:46:45.121910,car,7.0,FAR,RIGHT,0.32,AWARENESS
2026-07-16T16:46:45.145562,car,7.0,FAR,RIGHT,0.79,AWARENESS
2026-07-16T16:46:45.145562,car,7.0,FAR,LEFT,0.78,AWARENESS
2026-07-16T16:46:45.145562,person,7.0,FAR,RIGHT,0.60,AWARENESS
2026-07-16T16:46:45.145562,truck,7.0,FAR,LEFT,0.45,AWARENESS
2026-07-16T16:46:45.145562,truck,7.0,FAR,LEFT,0.38,AWARENESS
2026-07-16T16:46:45.145562,person,7.0,FAR,RIGHT,0.35,AWARENESS
2026-07-16T16:46:45.145562,car,7.0,FAR,LEFT,0.34,AWARENESS
2026-07-16T16:46:45.145562,car,7.0,FAR,LEFT,0.32,AWARENESS
2026-07-16T16:46:45.145562,car,7.0,FAR,RIGHT,0.31,AWARENESS
2026-07-16T16:46:45.165850,car,7.0,FAR,LEFT,0.80,AWARENESS
2026-07-16T16:46:45.165850,car,7.0,FAR,RIGHT,0.76,AWARENESS
2026-07-16T16:46:45.165850,person,7.0,FAR,RIGHT,0.56,AWARENESS
2026-07-16T16:46:45.165850,person,7.0,FAR,LEFT,0.48,AWARENESS
2026-07-16T16:46:45.165850,car,7.0,FAR,LEFT,0.45,AWARENESS
2026-07-16T16:46:45.165850,person,7.0,FAR,LEFT,0.43,AWARENESS
2026-07-16T16:46:45.165850,person,7.0,FAR,RIGHT,0.35,AWARENESS
2026-07-16T16:46:45.165850,truck,7.0,FAR,LEFT,0.35,AWARENESS
2026-07-16T16:46:45.165850,car,7.0,FAR,LEFT,0.35,AWARENESS
2026-07-16T16:46:45.185087,car,7.0,FAR,RIGHT,0.79,AWARENESS
2026-07-16T16:46:45.185087,car,7.0,FAR,LEFT,0.69,AWARENESS
2026-07-16T16:46:45.185087,person,7.0,FAR,RIGHT,0.64,AWARENESS
2026-07-16T16:46:45.185087,car,7.0,FAR,LEFT,0.45,AWARENESS
2026-07-16T16:46:45.185087,person,7.0,FAR,RIGHT,0.41,AWARENESS
2026-07-16T16:46:45.185087,car,7.0,FAR,LEFT,0.40,AWARENESS
2026-07-16T16:46:45.185087,car,7.0,FAR,LEFT,0.33,AWARENESS
2026-07-16T16:46:45.185087,person,7.0,FAR,RIGHT,0.33,AWARENESS
2026-07-16T16:46:45.206513,car,7.0,FAR,RIGHT,0.79,AWARENESS
2026-07-16T16:46:45.206513,car,7.0,FAR,LEFT,0.77,AWARENESS
2026-07-16T16:46:45.206513,person,7.0,FAR,RIGHT,0.65,AWARENESS
2026-07-16T16:46:45.206513,person,7.0,FAR,RIGHT,0.57,AWARENESS
2026-07-16T16:46:45.206513,truck,7.0,FAR,LEFT,0.50,AWARENESS
2026-07-16T16:46:45.206513,motorcycle,7.0,FAR,RIGHT,0.49,AWARENESS
2026-07-16T16:46:45.206513,car,7.0,FAR,LEFT,0.48,AWARENESS
2026-07-16T16:46:45.206513,person,7.0,FAR,RIGHT,0.40,AWARENESS
2026-07-16T16:46:45.206513,car,7.0,FAR,LEFT,0.39,AWARENESS
2026-07-16T16:46:45.225930,car,7.0,FAR,LEFT,0.79,AWARENESS
2026-07-16T16:46:45.225930,car,7.0,FAR,RIGHT,0.70,AWARENESS
2026-07-16T16:46:45.225930,person,7.0,FAR,RIGHT,0.62,AWARENESS
2026-07-16T16:46:45.225930,motorcycle,7.0,FAR,LEFT,0.57,AWARENESS
2026-07-16T16:46:45.225930,person,7.0,FAR,RIGHT,0.53,AWARENESS
2026-07-16T16:46:45.225930,car,7.0,FAR,LEFT,0.50,AWARENESS
2026-07-16T16:46:45.225930,person,7.0,FAR,RIGHT,0.41,AWARENESS
2026-07-16T16:46:45.225930,truck,7.0,FAR,LEFT,0.40,AWARENESS
2026-07-16T16:46:45.225930,motorcycle,7.0,FAR,LEFT,0.32,AWARENESS
2026-07-16T16:46:45.225930,motorcycle,7.0,FAR,RIGHT,0.30,AWARENESS
2026-07-16T16:46:45.246182,car,7.0,FAR,LEFT,0.77,AWARENESS
2026-07-16T16:46:45.246182,person,7.0,FAR,RIGHT,0.70,AWARENESS
2026-07-16T16:46:45.246182,car,7.0,FAR,RIGHT,0.67,AWARENESS
2026-07-16T16:46:45.246182,person,7.0,FAR,RIGHT,0.63,AWARENESS
2026-07-16T16:46:45.246182,person,7.0,FAR,RIGHT,0.58,AWARENESS
2026-07-16T16:46:45.246182,car,7.0,FAR,LEFT,0.50,AWARENESS
2026-07-16T16:46:45.246182,car,7.0,FAR,LEFT,0.35,AWARENESS
2026-07-16T16:46:45.246182,car,7.0,FAR,RIGHT,0.34,AWARENESS
2026-07-16T16:46:45.246182,person,7.0,FAR,LEFT,0.32,AWARENESS
2026-07-16T16:46:45.246182,motorcycle,7.0,FAR,LEFT,0.30,AWARENESS
2026-07-16T16:46:45.266495,car,7.0,FAR,LEFT,0.82,AWARENESS
2026-07-16T16:46:45.266495,person,7.0,FAR,RIGHT,0.75,AWARENESS
2026-07-16T16:46:45.266495,car,7.0,FAR,RIGHT,0.62,AWARENESS
2026-07-16T16:46:45.266495,car,7.0,FAR,LEFT,0.45,AWARENESS
2026-07-16T16:46:45.266495,motorcycle,7.0,FAR,LEFT,0.42,AWARENESS
2026-07-16T16:46:45.266495,person,7.0,FAR,RIGHT,0.40,AWARENESS
2026-07-16T16:46:45.266495,car,7.0,FAR,RIGHT,0.34,AWARENESS
2026-07-16T16:46:45.266495,person,7.0,FAR,RIGHT,0.31,AWARENESS
2026-07-16T16:46:45.266495,person,7.0,FAR,LEFT,0.31,AWARENESS
2026-07-16T16:46:45.285970,car,7.0,FAR,RIGHT,0.76,AWARENESS
2026-07-16T16:46:45.285970,person,7.0,FAR,RIGHT,0.74,AWARENESS
2026-07-16T16:46:45.285970,car,7.0,FAR,LEFT,0.69,AWARENESS
2026-07-16T16:46:45.285970,person,7.0,FAR,RIGHT,0.64,AWARENESS
2026-07-16T16:46:45.285970,car,7.0,FAR,LEFT,0.43,AWARENESS
2026-07-16T16:46:45.285970,person,7.0,FAR,RIGHT,0.38,AWARENESS
2026-07-16T16:46:45.285970,person,7.0,FAR,LEFT,0.33,AWARENESS
2026-07-16T16:46:45.285970,motorcycle,7.0,FAR,RIGHT,0.32,AWARENESS
2026-07-16T16:46:45.285970,motorcycle,7.0,FAR,LEFT,0.30,AWARENESS
2026-07-16T16:46:45.306860,car,7.0,FAR,RIGHT,0.70,AWARENESS
2026-07-16T16:46:45.306860,person,7.0,FAR,RIGHT,0.65,AWARENESS
2026-07-16T16:46:45.306860,car,7.0,FAR,LEFT,0.63,AWARENESS
2026-07-16T16:46:45.306860,motorcycle,7.0,FAR,LEFT,0.53,AWARENESS
2026-07-16T16:46:45.306860,person,7.0,FAR,RIGHT,0.45,AWARENESS
2026-07-16T16:46:45.306860,car,7.0,FAR,LEFT,0.39,AWARENESS
2026-07-16T16:46:45.306860,person,7.0,FAR,RIGHT,0.35,AWARENESS
2026-07-16T16:46:45.326649,car,7.0,FAR,LEFT,0.66,AWARENESS
2026-07-16T16:46:45.326649,car,7.0,FAR,RIGHT,0.63,AWARENESS
2026-07-16T16:46:45.326649,person,7.0,FAR,RIGHT,0.44,AWARENESS
2026-07-16T16:46:45.326649,person,7.0,FAR,LEFT,0.42,AWARENESS
2026-07-16T16:46:45.326649,car,7.0,FAR,LEFT,0.42,AWARENESS
2026-07-16T16:46:45.326649,person,7.0,FAR,LEFT,0.41,AWARENESS
2026-07-16T16:46:45.326649,motorcycle,7.0,FAR,LEFT,0.34,AWARENESS
2026-07-16T16:46:45.326649,person,7.0,FAR,RIGHT,0.33,AWARENESS
2026-07-16T16:46:45.326649,person,7.0,FAR,RIGHT,0.31,AWARENESS
2026-07-16T16:46:45.326649,person,7.0,FAR,LEFT,0.31,AWARENESS
2026-07-16T16:46:45.351811,car,7.0,FAR,LEFT,0.79,AWARENESS
2026-07-16T16:46:45.351811,car,7.0,FAR,RIGHT,0.74,AWARENESS
2026-07-16T16:46:45.351811,person,7.0,FAR,RIGHT,0.59,AWARENESS
2026-07-16T16:46:45.351811,person,7.0,FAR,LEFT,0.50,AWARENESS
2026-07-16T16:46:45.351811,car,7.0,FAR,LEFT,0.44,AWARENESS
2026-07-16T16:46:45.351811,car,7.0,FAR,LEFT,0.43,AWARENESS
2026-07-16T16:46:45.351811,person,7.0,FAR,RIGHT,0.33,AWARENESS
2026-07-16T16:46:45.351811,person,7.0,FAR,RIGHT,0.32,AWARENESS
2026-07-16T16:46:45.351811,person,7.0,FAR,LEFT,0.32,AWARENESS
2026-07-16T16:46:45.371389,car,7.0,FAR,LEFT,0.68,AWARENESS
2026-07-16T16:46:45.371389,person,7.0,FAR,LEFT,0.53,AWARENESS
2026-07-16T16:46:45.371389,person,7.0,FAR,RIGHT,0.50,AWARENESS
2026-07-16T16:46:45.371389,car,7.0,FAR,LEFT,0.48,AWARENESS
2026-07-16T16:46:45.371389,car,7.0,FAR,RIGHT,0.46,AWARENESS
2026-07-16T16:46:45.371389,car,7.0,FAR,LEFT,0.43,AWARENESS
2026-07-16T16:46:45.390573,car,7.0,FAR,LEFT,0.75,AWARENESS
2026-07-16T16:46:45.390573,car,7.0,FAR,RIGHT,0.66,AWARENESS
2026-07-16T16:46:45.390573,person,7.0,FAR,LEFT,0.63,AWARENESS
2026-07-16T16:46:45.390573,person,7.0,FAR,LEFT,0.62,AWARENESS
2026-07-16T16:46:45.390573,car,7.0,FAR,LEFT,0.57,AWARENESS
2026-07-16T16:46:45.390573,person,7.0,FAR,RIGHT,0.53,AWARENESS
2026-07-16T16:46:45.390573,person,7.0,FAR,RIGHT,0.35,AWARENESS
2026-07-16T16:46:45.390573,car,7.0,FAR,LEFT,0.31,AWARENESS
2026-07-16T16:46:45.390573,person,7.0,FAR,LEFT,0.31,AWARENESS
2026-07-16T16:46:45.410391,car,7.0,FAR,LEFT,0.73,AWARENESS
2026-07-16T16:46:45.410391,car,7.0,FAR,RIGHT,0.66,AWARENESS
2026-07-16T16:46:45.410391,person,7.0,FAR,RIGHT,0.59,AWARENESS
2026-07-16T16:46:45.410391,person,7.0,FAR,LEFT,0.40,AWARENESS
2026-07-16T16:46:45.410391,person,7.0,FAR,LEFT,0.35,AWARENESS
2026-07-16T16:46:45.410391,person,7.0,FAR,LEFT,0.32,AWARENESS
2026-07-16T16:46:45.410391,person,7.0,FAR,RIGHT,0.32,AWARENESS
2026-07-16T16:46:45.410391,person,7.0,FAR,RIGHT,0.31,AWARENESS
2026-07-16T16:46:45.410391,bus,7.0,FAR,RIGHT,0.30,AWARENESS
2026-07-16T16:46:45.410391,person,7.0,FAR,RIGHT,0.30,AWARENESS
2026-07-16T16:46:45.410391,car,7.0,FAR,LEFT,0.30,AWARENESS
2026-07-16T16:46:45.430253,car,7.0,FAR,LEFT,0.61,AWARENESS
2026-07-16T16:46:45.430253,person,7.0,FAR,RIGHT,0.52,AWARENESS
2026-07-16T16:46:45.430253,car,7.0,FAR,RIGHT,0.47,AWARENESS
2026-07-16T16:46:45.430253,person,7.0,FAR,LEFT,0.43,AWARENESS
2026-07-16T16:46:45.430253,motorcycle,7.0,FAR,LEFT,0.42,AWARENESS
2026-07-16T16:46:45.430253,person,7.0,FAR,RIGHT,0.30,AWARENESS
2026-07-16T16:46:45.449871,car,7.0,FAR,LEFT,0.74,AWARENESS
2026-07-16T16:46:44.449871,person,7.0,FAR,LEFT,0.61,AWARENESS
2026-07-16T16:46:44.449871,car,7.0,FAR,RIGHT,0.61,AWARENESS
2026-07-16T16:46:44.449871,person,7.0,FAR,LEFT,0.45,AWARENESS
2026-07-16T16:46:44.449871,person,7.0,FAR,RIGHT,0.43,AWARENESS
2026-07-16T16:46:44.449871,person,7.0,FAR,RIGHT,0.35,AWARENESS
2026-07-16T16:46:44.449871,car,7.0,FAR,LEFT,0.34,AWARENESS
2026-07-16T16:46:44.449871,truck,7.0,FAR,LEFT,0.30,AWARENESS
2026-07-16T16:46:45.469177,car,7.0,FAR,LEFT,0.70,AWARENESS
2026-07-16T16:46:45.469177,person,7.0,FAR,RIGHT,0.51,AWARENESS
2026-07-16T16:46:45.469177,car,7.0,FAR,RIGHT,0.47,AWARENESS
2026-07-16T16:46:45.469177,car,7.0,FAR,LEFT,0.39,AWARENESS
2026-07-16T16:46:45.469177,person,7.0,FAR,LEFT,0.38,AWARENESS
2026-07-16T16:46:45.469177,person,7.0,FAR,RIGHT,0.37,AWARENESS
2026-07-16T16:46:45.469177,person,7.0,FAR,LEFT,0.33,AWARENESS
2026-07-16T16:46:45.489182,person,7.0,FAR,RIGHT,0.74,AWARENESS
2026-07-16T16:46:45.489182,car,7.0,FAR,LEFT,0.73,AWARENESS
2026-07-16T16:46:45.489182,car,7.0,FAR,RIGHT,0.60,AWARENESS
2026-07-16T16:46:45.489182,person,7.0,FAR,RIGHT,0.41,AWARENESS
2026-07-16T16:46:45.489182,car,7.0,FAR,LEFT,0.34,AWARENESS
2026-07-16T16:46:45.489182,car,7.0,FAR,RIGHT,0.33,AWARENESS
2026-07-16T16:46:45.489182,person,7.0,FAR,RIGHT,0.32,AWARENESS
2026-07-16T16:46:45.489182,person,7.0,FAR,LEFT,0.31,AWARENESS
2026-07-16T16:46:45.489182,person,7.0,FAR,RIGHT,0.30,AWARENESS
2026-07-16T16:46:45.489182,person,7.0,FAR,RIGHT,0.30,AWARENESS
2026-07-16T16:46:45.509879,car,7.0,FAR,LEFT,0.74,AWARENESS
2026-07-16T16:46:45.509879,person,7.0,FAR,RIGHT,0.64,AWARENESS
2026-07-16T16:46:45.509879,person,7.0,FAR,RIGHT,0.58,AWARENESS
2026-07-16T16:46:45.509879,person,7.0,FAR,RIGHT,0.49,AWARENESS
2026-07-16T16:46:45.509879,car,7.0,FAR,RIGHT,0.45,AWARENESS
2026-07-16T16:46:45.509879,car,7.0,FAR,LEFT,0.36,AWARENESS
2026-07-16T16:46:45.509879,person,7.0,FAR,LEFT,0.31,AWARENESS
2026-07-16T16:46:45.509879,car,7.0,FAR,LEFT,0.31,AWARENESS
2026-07-16T16:46:45.509879,person,7.0,FAR,RIGHT,0.30,AWARENESS
2026-07-16T16:46:45.533087,car,7.0,FAR,LEFT,0.69,AWARENESS
2026-07-16T16:46:45.533087,person,7.0,FAR,RIGHT,0.63,AWARENESS
2026-07-16T16:46:45.533087,person,7.0,FAR,RIGHT,0.62,AWARENESS
2026-07-16T16:46:45.533087,person,7.0,FAR,RIGHT,0.48,AWARENESS
2026-07-16T16:46:45.533087,person,7.0,FAR,RIGHT,0.43,AWARENESS
2026-07-16T16:46:45.533087,car,7.0,FAR,LEFT,0.36,AWARENESS
2026-07-16T16:46:45.533087,person,7.0,FAR,LEFT,0.35,AWARENESS
2026-07-16T16:46:45.533087,person,7.0,FAR,RIGHT,0.35,AWARENESS
2026-07-16T16:46:45.533087,person,7.0,FAR,RIGHT,0.34,AWARENESS
2026-07-16T16:46:45.533087,car,7.0,FAR,RIGHT,0.34,AWARENESS
2026-07-16T16:46:45.533087,person,7.0,FAR,LEFT,0.33,AWARENESS
2026-07-16T16:46:45.533087,person,7.0,FAR,RIGHT,0.30,AWARENESS
2026-07-16T16:46:45.556316,car,7.0,FAR,LEFT,0.75,AWARENESS
2026-07-16T16:46:45.556316,person,7.0,FAR,RIGHT,0.67,AWARENESS
2026-07-16T16:46:45.556316,person,7.0,FAR,RIGHT,0.65,AWARENESS
2026-07-16T16:46:45.556316,person,7.0,FAR,RIGHT,0.58,AWARENESS
2026-07-16T16:46:45.556316,person,7.0,FAR,LEFT,0.49,AWARENESS
2026-07-16T16:46:45.556316,person,7.0,FAR,RIGHT,0.43,AWARENESS
2026-07-16T16:46:45.556316,car,7.0,FAR,LEFT,0.37,AWARENESS
2026-07-16T16:46:45.556316,person,7.0,FAR,RIGHT,0.35,AWARENESS
2026-07-16T16:46:45.556316,car,7.0,FAR,LEFT,0.34,AWARENESS
2026-07-16T16:46:45.556316,person,7.0,FAR,RIGHT,0.34,AWARENESS
2026-07-16T16:46:45.589820,car,7.0,FAR,LEFT,0.75,AWARENESS
2026-07-16T16:46:45.589820,person,7.0,FAR,RIGHT,0.69,AWARENESS
2026-07-16T16:46:45.589820,car,7.0,FAR,RIGHT,0.57,AWARENESS
2026-07-16T16:46:45.589820,person,7.0,FAR,RIGHT,0.54,AWARENESS
2026-07-16T16:46:45.589820,person,7.0,FAR,RIGHT,0.45,AWARENESS
2026-07-16T16:46:45.589820,car,7.0,FAR,LEFT,0.43,AWARENESS
2026-07-16T16:46:45.589820,car,7.0,FAR,RIGHT,0.39,AWARENESS
2026-07-16T16:46:45.589820,person,7.0,FAR,RIGHT,0.33,AWARENESS
2026-07-16T16:46:45.626976,car,7.0,FAR,LEFT,0.74,AWARENESS
2026-07-16T16:46:45.626976,person,7.0,FAR,RIGHT,0.73,AWARENESS
2026-07-16T16:46:45.626976,person,7.0,FAR,RIGHT,0.70,AWARENESS
2026-07-16T16:46:45.626976,car,7.0,FAR,RIGHT,0.54,AWARENESS
2026-07-16T16:46:45.626976,car,7.0,FAR,RIGHT,0.54,AWARENESS
2026-07-16T16:46:45.626976,person,7.0,FAR,RIGHT,0.46,AWARENESS
2026-07-16T16:46:45.626976,car,7.0,FAR,LEFT,0.40,AWARENESS
2026-07-16T16:46:45.626976,person,7.0,FAR,RIGHT,0.37,AWARENESS
2026-07-16T16:46:45.626976,person,7.0,FAR,RIGHT,0.34,AWARENESS
2026-07-16T16:46:45.626976,car,7.0,FAR,RIGHT,0.33,AWARENESS
2026-07-16T16:46:45.626976,person,7.0,FAR,RIGHT,0.32,AWARENESS
2026-07-16T16:46:45.668846,car,7.0,FAR,LEFT,0.75,AWARENESS
2026-07-16T16:46:45.668846,person,7.0,FAR,RIGHT,0.72,AWARENESS
2026-07-16T16:46:45.668846,person,7.0,FAR,RIGHT,0.70,AWARENESS
2026-07-16T16:46:45.668846,car,7.0,FAR,RIGHT,0.57,AWARENESS
2026-07-16T16:46:45.668846,car,7.0,FAR,RIGHT,0.55,AWARENESS
2026-07-16T16:46:45.668846,car,7.0,FAR,RIGHT,0.49,AWARENESS
2026-07-16T16:46:45.668846,motorcycle,7.0,FAR,RIGHT,0.43,AWARENESS
2026-07-16T16:46:45.668846,person,7.0,FAR,RIGHT,0.39,AWARENESS
2026-07-16T16:46:45.668846,person,7.0,FAR,RIGHT,0.36,AWARENESS
2026-07-16T16:46:45.668846,motorcycle,7.0,FAR,RIGHT,0.33,AWARENESS
2026-07-16T16:46:45.668846,bus,7.0,FAR,RIGHT,0.33,AWARENESS
2026-07-16T16:46:45.707058,person,7.0,FAR,RIGHT,0.80,AWARENESS
2026-07-16T16:46:45.707058,person,7.0,FAR,RIGHT,0.74,AWARENESS
2026-07-16T16:46:45.707058,car,7.0,FAR,LEFT,0.71,AWARENESS
2026-07-16T16:46:45.707058,car,7.0,FAR,RIGHT,0.65,AWARENESS
2026-07-16T16:46:45.707058,car,7.0,FAR,RIGHT,0.59,AWARENESS
2026-07-16T16:46:45.707058,car,7.0,FAR,RIGHT,0.56,AWARENESS
2026-07-16T16:46:45.707058,person,7.0,FAR,RIGHT,0.39,AWARENESS
2026-07-16T16:46:45.707058,motorcycle,7.0,FAR,RIGHT,0.38,AWARENESS
2026-07-16T16:46:45.707058,car,7.0,FAR,LEFT,0.38,AWARENESS
2026-07-16T16:46:45.707058,car,7.0,FAR,LEFT,0.33,AWARENESS
2026-07-16T16:46:45.707058,motorcycle,7.0,FAR,RIGHT,0.32,AWARENESS
2026-07-16T16:46:45.707058,car,7.0,FAR,RIGHT,0.31,AWARENESS
2026-07-16T16:46:45.707058,person,7.0,FAR,RIGHT,0.31,AWARENESS
2026-07-16T16:46:45.744512,car,7.0,FAR,LEFT,0.77,AWARENESS
2026-07-16T16:46:45.744512,person,7.0,FAR,RIGHT,0.69,AWARENESS
2026-07-16T16:46:45.744512,person,7.0,FAR,RIGHT,0.68,AWARENESS
2026-07-16T16:46:45.744512,car,7.0,FAR,RIGHT,0.59,AWARENESS
2026-07-16T16:46:45.744512,car,7.0,FAR,RIGHT,0.55,AWARENESS
2026-07-16T16:46:45.744512,car,7.0,FAR,RIGHT,0.49,AWARENESS
2026-07-16T16:46:45.744512,truck,7.0,FAR,LEFT,0.45,AWARENESS
2026-07-16T16:46:45.773476,car,7.0,FAR,LEFT,0.78,AWARENESS
2026-07-16T16:46:45.773476,car,7.0,FAR,RIGHT,0.71,AWARENESS
2026-07-16T16:46:45.773476,person,7.0,FAR,RIGHT,0.56,AWARENESS
2026-07-16T16:46:45.773476,person,7.0,FAR,RIGHT,0.52,AWARENESS
2026-07-16T16:46:45.773476,car,7.0,FAR,RIGHT,0.50,AWARENESS
2026-07-16T16:46:45.773476,car,7.0,FAR,RIGHT,0.49,AWARENESS
2026-07-16T16:46:45.773476,car,7.0,FAR,RIGHT,0.37,AWARENESS
2026-07-16T16:46:45.773476,person,7.0,FAR,RIGHT,0.31,AWARENESS
2026-07-16T16:46:45.773476,car,7.0,FAR,RIGHT,0.31,AWARENESS
2026-07-16T16:46:45.806174,car,7.0,FAR,LEFT,0.71,AWARENESS
2026-07-16T16:46:45.806174,car,7.0,FAR,RIGHT,0.70,AWARENESS
2026-07-16T16:46:45.806174,person,7.0,FAR,RIGHT,0.65,AWARENESS
2026-07-16T16:46:45.806174,car,7.0,FAR,RIGHT,0.59,AWARENESS
2026-07-16T16:46:45.806174,person,7.0,FAR,RIGHT,0.57,AWARENESS
2026-07-16T16:46:45.806174,car,7.0,FAR,RIGHT,0.53,AWARENESS
2026-07-16T16:46:45.806174,motorcycle,7.0,FAR,RIGHT,0.47,AWARENESS
2026-07-16T16:46:45.806174,person,7.0,FAR,RIGHT,0.45,AWARENESS
2026-07-16T16:46:45.806174,bus,7.0,FAR,RIGHT,0.43,AWARENESS
2026-07-16T16:46:45.806174,person,7.0,FAR,RIGHT,0.39,AWARENESS
2026-07-16T16:46:45.806174,car,7.0,FAR,RIGHT,0.37,AWARENESS
2026-07-16T16:46:45.806174,car,7.0,FAR,RIGHT,0.37,AWARENESS
2026-07-16T16:46:45.806174,person,7.0,FAR,RIGHT,0.34,AWARENESS
2026-07-16T16:46:45.806174,car,7.0,FAR,LEFT,0.33,AWARENESS
2026-07-16T16:46:45.806174,person,7.0,FAR,RIGHT,0.33,AWARENESS
2026-07-16T16:46:45.806174,car,7.0,FAR,LEFT,0.33,AWARENESS
2026-07-16T16:46:45.834989,car,7.0,FAR,LEFT,0.68,AWARENESS
2026-07-16T16:46:45.834989,car,7.0,FAR,RIGHT,0.65,AWARENESS
2026-07-16T16:46:45.834989,person,7.0,FAR,RIGHT,0.57,AWARENESS
2026-07-16T16:46:45.834989,person,7.0,FAR,RIGHT,0.52,AWARENESS
2026-07-16T16:46:45.834989,car,7.0,FAR,RIGHT,0.50,AWARENESS
2026-07-16T16:46:45.834989,car,7.0,FAR,RIGHT,0.45,AWARENESS
2026-07-16T16:46:45.834989,truck,7.0,FAR,LEFT,0.39,AWARENESS
2026-07-16T16:46:45.834989,person,7.0,FAR,RIGHT,0.37,AWARENESS
2026-07-16T16:46:45.834989,person,7.0,FAR,RIGHT,0.35,AWARENESS
2026-07-16T16:46:45.834989,car,7.0,FAR,RIGHT,0.34,AWARENESS
2026-07-16T16:46:45.834989,motorcycle,7.0,FAR,RIGHT,0.33,AWARENESS
2026-07-16T16:46:45.834989,car,7.0,FAR,RIGHT,0.33,AWARENESS
2026-07-16T16:46:45.834989,person,7.0,FAR,RIGHT,0.32,AWARENESS
2026-07-16T16:46:45.864677,car,7.0,FAR,RIGHT,0.77,AWARENESS
2026-07-16T16:46:45.864677,car,7.0,FAR,LEFT,0.69,AWARENESS
2026-07-16T16:46:45.864677,car,7.0,FAR,RIGHT,0.61,AWARENESS
2026-07-16T16:46:45.864677,person,7.0,FAR,RIGHT,0.57,AWARENESS
2026-07-16T16:46:45.864677,person,7.0,FAR,RIGHT,0.47,AWARENESS
2026-07-16T16:46:45.864677,car,7.0,FAR,RIGHT,0.47,AWARENESS
2026-07-16T16:46:45.864677,motorcycle,7.0,FAR,RIGHT,0.46,AWARENESS
2026-07-16T16:46:45.864677,person,7.0,FAR,RIGHT,0.42,AWARENESS
2026-07-16T16:46:45.864677,person,7.0,FAR,RIGHT,0.42,AWARENESS
2026-07-16T16:46:45.864677,car,7.0,FAR,RIGHT,0.40,AWARENESS
2026-07-16T16:46:45.864677,motorcycle,7.0,FAR,RIGHT,0.40,AWARENESS
2026-07-16T16:46:45.864677,car,7.0,FAR,RIGHT,0.38,AWARENESS
2026-07-16T16:46:45.864677,person,7.0,FAR,RIGHT,0.37,AWARENESS
2026-07-16T16:46:45.864677,person,7.0,FAR,RIGHT,0.36,AWARENESS
2026-07-16T16:46:45.864677,car,7.0,FAR,LEFT,0.31,AWARENESS
2026-07-16T16:46:45.899525,car,7.0,FAR,LEFT,0.80,AWARENESS
2026-07-16T16:46:45.899525,person,7.0,FAR,RIGHT,0.70,AWARENESS
2026-07-16T16:46:45.899525,person,7.0,FAR,RIGHT,0.69,AWARENESS
2026-07-16T16:46:45.899525,car,7.0,FAR,RIGHT,0.61,AWARENESS
2026-07-16T16:46:45.899525,car,7.0,FAR,RIGHT,0.49,AWARENESS
2026-07-16T16:46:45.899525,person,7.0,FAR,RIGHT,0.46,AWARENESS
2026-07-16T16:46:45.899525,car,7.0,FAR,RIGHT,0.39,AWARENESS
2026-07-16T16:46:45.899525,person,7.0,FAR,RIGHT,0.33,AWARENESS
2026-07-16T16:46:45.899525,car,7.0,FAR,RIGHT,0.33,AWARENESS
2026-07-16T16:46:45.899525,car,7.0,FAR,RIGHT,0.32,AWARENESS
2026-07-16T16:46:45.899525,motorcycle,7.0,FAR,RIGHT,0.31,AWARENESS
2026-07-16T16:46:45.899525,car,7.0,FAR,RIGHT,0.30,AWARENESS
2026-07-16T16:46:45.929132,car,7.0,FAR,LEFT,0.75,AWARENESS
2026-07-16T16:46:45.929132,person,7.0,FAR,RIGHT,0.72,AWARENESS
2026-07-16T16:46:45.929132,person,7.0,FAR,RIGHT,0.63,AWARENESS
2026-07-16T16:46:45.929132,car,7.0,FAR,RIGHT,0.56,AWARENESS
2026-07-16T16:46:45.929132,car,7.0,FAR,RIGHT,0.52,AWARENESS
2026-07-16T16:46:45.929132,person,7.0,FAR,RIGHT,0.43,AWARENESS
2026-07-16T16:46:45.929132,car,7.0,FAR,RIGHT,0.40,AWARENESS
2026-07-16T16:46:45.929132,car,7.0,FAR,RIGHT,0.36,AWARENESS
2026-07-16T16:46:45.929132,car,7.0,FAR,RIGHT,0.36,AWARENESS
2026-07-16T16:46:45.929132,car,7.0,FAR,RIGHT,0.36,AWARENESS
2026-07-16T16:46:45.929132,person,7.0,FAR,RIGHT,0.35,AWARENESS
2026-07-16T16:46:45.929132,truck,7.0,FAR,LEFT,0.31,AWARENESS
2026-07-16T16:46:45.961566,person,7.0,FAR,RIGHT,0.71,AWARENESS
2026-07-16T16:46:45.961566,car,7.0,FAR,LEFT,0.68,AWARENESS
2026-07-16T16:46:45.961566,car,7.0,FAR,RIGHT,0.54,AWARENESS
2026-07-16T16:46:45.961566,car,7.0,FAR,RIGHT,0.45,AWARENESS
2026-07-16T16:46:45.961566,bus,7.0,FAR,RIGHT,0.45,AWARENESS
2026-07-16T16:46:45.961566,car,7.0,FAR,RIGHT,0.41,AWARENESS
2026-07-16T16:46:45.961566,bus,7.0,FAR,RIGHT,0.38,AWARENESS
2026-07-16T16:46:45.961566,person,7.0,FAR,RIGHT,0.38,AWARENESS
2026-07-16T16:46:45.961566,car,7.0,FAR,RIGHT,0.35,AWARENESS
2026-07-16T16:46:45.961566,car,7.0,FAR,RIGHT,0.35,AWARENESS
2026-07-16T16:46:45.961566,person,7.0,FAR,RIGHT,0.34,AWARENESS
2026-07-16T16:46:45.961566,truck,7.0,FAR,LEFT,0.32,AWARENESS
2026-07-16T16:46:45.988961,person,7.0,FAR,RIGHT,0.76,AWARENESS
2026-07-16T16:46:45.988961,car,7.0,FAR,LEFT,0.68,AWARENESS
2026-07-16T16:46:45.988961,car,7.0,FAR,RIGHT,0.67,AWARENESS
2026-07-16T16:46:45.988961,truck,7.0,FAR,LEFT,0.64,AWARENESS
2026-07-16T16:46:45.988961,person,7.0,FAR,RIGHT,0.52,AWARENESS
2026-07-16T16:46:45.988961,car,7.0,FAR,RIGHT,0.52,AWARENESS
2026-07-16T16:46:45.988961,car,7.0,FAR,RIGHT,0.47,AWARENESS
2026-07-16T16:46:45.988961,car,7.0,FAR,LEFT,0.38,AWARENESS
2026-07-16T16:46:45.988961,person,7.0,FAR,RIGHT,0.35,AWARENESS
2026-07-16T16:46:46.015577,car,7.0,FAR,LEFT,0.77,AWARENESS
2026-07-16T16:46:46.015577,person,7.0,FAR,RIGHT,0.67,AWARENESS
2026-07-16T16:46:46.015577,truck,7.0,FAR,LEFT,0.61,AWARENESS
2026-07-16T16:46:46.015577,car,7.0,FAR,RIGHT,0.51,AWARENESS
2026-07-16T16:46:46.015577,person,7.0,FAR,RIGHT,0.45,AWARENESS
2026-07-16T16:46:46.015577,motorcycle,7.0,FAR,RIGHT,0.43,AWARENESS
2026-07-16T16:46:46.015577,motorcycle,7.0,FAR,RIGHT,0.40,AWARENESS
2026-07-16T16:46:46.015577,person,7.0,FAR,RIGHT,0.39,AWARENESS
2026-07-16T16:46:46.015577,car,7.0,FAR,RIGHT,0.38,AWARENESS
2026-07-16T16:46:46.015577,car,7.0,FAR,RIGHT,0.34,AWARENESS
2026-07-16T16:46:46.015577,bus,7.0,FAR,RIGHT,0.33,AWARENESS
2026-07-16T16:46:46.015577,person,7.0,FAR,RIGHT,0.32,AWARENESS
2026-07-16T16:46:46.043014,person,7.0,FAR,RIGHT,0.74,AWARENESS
2026-07-16T16:46:46.043014,car,7.0,FAR,RIGHT,0.65,AWARENESS
2026-07-16T16:46:46.043014,person,7.0,FAR,RIGHT,0.65,AWARENESS
2026-07-16T16:46:46.043014,car,7.0,FAR,LEFT,0.56,AWARENESS
2026-07-16T16:46:46.043014,truck,7.0,FAR,LEFT,0.45,AWARENESS
2026-07-16T16:46:46.043014,car,7.0,FAR,RIGHT,0.45,AWARENESS
2026-07-16T16:46:46.043014,bus,7.0,FAR,RIGHT,0.39,AWARENESS
2026-07-16T16:46:46.043014,motorcycle,7.0,FAR,RIGHT,0.39,AWARENESS
2026-07-16T16:46:46.043014,person,7.0,FAR,RIGHT,0.38,AWARENESS
2026-07-16T16:46:46.070290,person,7.0,FAR,RIGHT,0.77,AWARENESS
2026-07-16T16:46:46.070290,person,7.0,FAR,RIGHT,0.72,AWARENESS
2026-07-16T16:46:46.070290,car,7.0,FAR,RIGHT,0.65,AWARENESS
2026-07-16T16:46:46.070290,car,7.0,FAR,LEFT,0.65,AWARENESS
2026-07-16T16:46:46.070290,truck,7.0,FAR,LEFT,0.55,AWARENESS
2026-07-16T16:46:46.070290,car,7.0,FAR,LEFT,0.46,AWARENESS
2026-07-16T16:46:46.070290,car,7.0,FAR,RIGHT,0.45,AWARENESS
2026-07-16T16:46:46.070290,car,7.0,FAR,RIGHT,0.43,AWARENESS
2026-07-16T16:46:46.070290,car,7.0,FAR,LEFT,0.39,AWARENESS
2026-07-16T16:46:46.070290,person,7.0,FAR,RIGHT,0.37,AWARENESS
2026-07-16T16:46:46.070290,bus,7.0,FAR,RIGHT,0.36,AWARENESS
2026-07-16T16:46:46.070290,person,7.0,FAR,RIGHT,0.36,AWARENESS
2026-07-16T16:46:46.070290,person,7.0,FAR,RIGHT,0.35,AWARENESS
2026-07-16T16:46:46.070290,car,7.0,FAR,LEFT,0.31,AWARENESS
2026-07-16T16:46:46.098018,person,7.0,FAR,RIGHT,0.75,AWARENESS
2026-07-16T16:46:46.098018,car,3.5,NEAR,LEFT,0.72,AWARENESS
2026-07-16T16:46:46.098018,truck,7.0,FAR,LEFT,0.66,AWARENESS
2026-07-16T16:46:46.098018,person,7.0,FAR,RIGHT,0.64,AWARENESS
2026-07-16T16:46:46.098018,car,7.0,FAR,RIGHT,0.62,AWARENESS
2026-07-16T16:46:46.098018,car,7.0,FAR,RIGHT,0.48,AWARENESS
2026-07-16T16:46:46.098018,bus,7.0,FAR,RIGHT,0.46,AWARENESS
2026-07-16T16:46:46.098018,person,7.0,FAR,RIGHT,0.38,AWARENESS
2026-07-16T16:46:46.098018,car,7.0,FAR,RIGHT,0.35,AWARENESS
2026-07-16T16:46:46.098018,person,7.0,FAR,RIGHT,0.34,AWARENESS
2026-07-16T16:46:46.098018,truck,7.0,FAR,RIGHT,0.33,AWARENESS
2026-07-16T16:46:46.098018,person,7.0,FAR,RIGHT,0.32,AWARENESS
2026-07-16T16:46:46.098018,person,7.0,FAR,RIGHT,0.31,AWARENESS
2026-07-16T16:46:46.125700,car,3.5,NEAR,LEFT,0.76,AWARENESS
2026-07-16T16:46:46.125700,person,7.0,FAR,RIGHT,0.71,AWARENESS
2026-07-16T16:46:46.125700,car,7.0,FAR,RIGHT,0.64,AWARENESS
2026-07-16T16:46:46.125700,truck,7.0,FAR,LEFT,0.62,AWARENESS
2026-07-16T16:46:46.125700,person,7.0,FAR,RIGHT,0.54,AWARENESS
2026-07-16T16:46:46.125700,car,7.0,FAR,RIGHT,0.49,AWARENESS
2026-07-16T16:46:46.125700,person,7.0,FAR,RIGHT,0.49,AWARENESS
2026-07-16T16:46:46.125700,bus,7.0,FAR,RIGHT,0.42,AWARENESS
2026-07-16T16:46:46.125700,car,7.0,FAR,RIGHT,0.40,AWARENESS
2026-07-16T16:46:46.125700,motorcycle,7.0,FAR,LEFT,0.40,AWARENESS
2026-07-16T16:46:46.125700,car,7.0,FAR,LEFT,0.37,AWARENESS
2026-07-16T16:46:46.125700,person,7.0,FAR,RIGHT,0.36,AWARENESS
2026-07-16T16:46:46.125700,person,7.0,FAR,RIGHT,0.32,AWARENESS
2026-07-16T16:46:46.153935,person,7.0,FAR,RIGHT,0.80,AWARENESS
2026-07-16T16:46:46.153935,car,7.0,FAR,LEFT,0.69,AWARENESS
2026-07-16T16:46:46.153935,car,7.0,FAR,RIGHT,0.61,AWARENESS
2026-07-16T16:46:46.153935,person,7.0,FAR,RIGHT,0.57,AWARENESS
2026-07-16T16:46:46.153935,person,7.0,FAR,LEFT,0.51,AWARENESS
2026-07-16T16:46:46.153935,truck,7.0,FAR,LEFT,0.50,AWARENESS
2026-07-16T16:46:46.153935,car,7.0,FAR,LEFT,0.47,AWARENESS
2026-07-16T16:46:46.153935,car,7.0,FAR,RIGHT,0.47,AWARENESS
2026-07-16T16:46:46.153935,motorcycle,7.0,FAR,LEFT,0.44,AWARENESS
2026-07-16T16:46:46.153935,person,7.0,FAR,RIGHT,0.42,AWARENESS
2026-07-16T16:46:46.153935,person,7.0,FAR,RIGHT,0.38,AWARENESS
2026-07-16T16:46:46.153935,car,7.0,FAR,RIGHT,0.36,AWARENESS
2026-07-16T16:46:46.153935,person,7.0,FAR,LEFT,0.31,AWARENESS
2026-07-16T16:46:46.187782,person,7.0,FAR,RIGHT,0.73,AWARENESS
2026-07-16T16:46:46.187782,car,7.0,FAR,LEFT,0.69,AWARENESS
2026-07-16T16:46:46.187782,person,7.0,FAR,RIGHT,0.68,AWARENESS
2026-07-16T16:46:46.187782,car,7.0,FAR,RIGHT,0.65,AWARENESS
2026-07-16T16:46:46.187782,truck,7.0,FAR,LEFT,0.63,AWARENESS
2026-07-16T16:46:46.187782,motorcycle,7.0,FAR,LEFT,0.61,AWARENESS
2026-07-16T16:46:46.187782,car,7.0,FAR,RIGHT,0.57,AWARENESS
2026-07-16T16:46:46.187782,person,7.0,FAR,LEFT,0.57,AWARENESS
2026-07-16T16:46:46.187782,person,7.0,FAR,RIGHT,0.41,AWARENESS
2026-07-16T16:46:46.187782,car,7.0,FAR,RIGHT,0.40,AWARENESS
2026-07-16T16:46:46.187782,person,7.0,FAR,RIGHT,0.40,AWARENESS
2026-07-16T16:46:46.187782,bus,7.0,FAR,RIGHT,0.38,AWARENESS
2026-07-16T16:46:46.187782,person,7.0,FAR,LEFT,0.34,AWARENESS
2026-07-16T16:46:46.187782,car,7.0,FAR,LEFT,0.30,AWARENESS
2026-07-16T16:46:46.220938,car,7.0,FAR,LEFT,0.73,AWARENESS
2026-07-16T16:46:46.220938,truck,7.0,FAR,LEFT,0.70,AWARENESS
2026-07-16T16:46:46.220938,person,7.0,FAR,LEFT,0.66,AWARENESS
2026-07-16T16:46:46.220938,car,7.0,FAR,RIGHT,0.60,AWARENESS
2026-07-16T16:46:46.220938,person,7.0,FAR,RIGHT,0.59,AWARENESS
2026-07-16T16:46:46.220938,car,7.0,FAR,RIGHT,0.58,AWARENESS
2026-07-16T16:46:46.220938,motorcycle,7.0,FAR,LEFT,0.43,AWARENESS
2026-07-16T16:46:46.220938,bus,7.0,FAR,RIGHT,0.42,AWARENESS
2026-07-16T16:46:46.220938,person,7.0,FAR,RIGHT,0.39,AWARENESS
2026-07-16T16:46:46.220938,person,7.0,FAR,RIGHT,0.38,AWARENESS
2026-07-16T16:46:46.220938,person,7.0,FAR,LEFT,0.37,AWARENESS
2026-07-16T16:46:46.250138,car,7.0,FAR,LEFT,0.61,AWARENESS
2026-07-16T16:46:46.250138,truck,7.0,FAR,LEFT,0.60,AWARENESS
2026-07-16T16:46:46.250138,car,7.0,FAR,RIGHT,0.54,AWARENESS
2026-07-16T16:46:46.250138,car,7.0,FAR,RIGHT,0.53,AWARENESS
2026-07-16T16:46:46.250138,person,7.0,FAR,RIGHT,0.47,AWARENESS
2026-07-16T16:46:46.250138,person,7.0,FAR,RIGHT,0.45,AWARENESS
2026-07-16T16:46:46.250138,bus,7.0,FAR,RIGHT,0.41,AWARENESS
2026-07-16T16:46:46.250138,person,7.0,FAR,RIGHT,0.39,AWARENESS
2026-07-16T16:46:46.250138,person,7.0,FAR,LEFT,0.38,AWARENESS
2026-07-16T16:46:46.250138,person,7.0,FAR,RIGHT,0.38,AWARENESS
2026-07-16T16:46:46.250138,car,7.0,FAR,LEFT,0.37,AWARENESS
2026-07-16T16:46:46.250138,motorcycle,7.0,FAR,LEFT,0.35,AWARENESS
2026-07-16T16:46:46.277651,car,7.0,FAR,LEFT,0.66,AWARENESS
2026-07-16T16:46:46.277651,truck,7.0,FAR,LEFT,0.58,AWARENESS
2026-07-16T16:46:46.277651,car,7.0,FAR,RIGHT,0.53,AWARENESS
2026-07-16T16:46:46.277651,motorcycle,7.0,FAR,LEFT,0.50,AWARENESS
2026-07-16T16:46:46.277651,car,7.0,FAR,LEFT,0.47,AWARENESS
2026-07-16T16:46:46.277651,car,7.0,FAR,RIGHT,0.42,AWARENESS
2026-07-16T16:46:46.277651,person,7.0,FAR,RIGHT,0.41,AWARENESS
2026-07-16T16:46:46.277651,person,7.0,FAR,LEFT,0.40,AWARENESS
2026-07-16T16:46:46.277651,bus,7.0,FAR,RIGHT,0.38,AWARENESS
2026-07-16T16:46:46.277651,person,7.0,FAR,RIGHT,0.31,AWARENESS
2026-07-16T16:46:46.304625,truck,7.0,FAR,LEFT,0.69,AWARENESS
2026-07-16T16:46:46.304625,person,7.0,FAR,RIGHT,0.64,AWARENESS
2026-07-16T16:46:46.304625,car,7.0,FAR,RIGHT,0.63,AWARENESS
2026-07-16T16:46:46.304625,car,7.0,FAR,RIGHT,0.58,AWARENESS
2026-07-16T16:46:46.304625,car,7.0,FAR,LEFT,0.51,AWARENESS
2026-07-16T16:46:46.304625,person,7.0,FAR,RIGHT,0.50,AWARENESS
2026-07-16T16:46:46.304625,motorcycle,7.0,FAR,LEFT,0.46,AWARENESS
2026-07-16T16:46:46.304625,car,7.0,FAR,LEFT,0.42,AWARENESS
2026-07-16T16:46:46.304625,person,7.0,FAR,RIGHT,0.39,AWARENESS
2026-07-16T16:46:46.304625,bus,7.0,FAR,RIGHT,0.33,AWARENESS
2026-07-16T16:46:46.304625,car,7.0,FAR,LEFT,0.32,AWARENESS
2026-07-16T16:46:46.304625,person,7.0,FAR,RIGHT,0.32,AWARENESS
2026-07-16T16:46:46.333071,person,7.0,FAR,RIGHT,0.75,AWARENESS
2026-07-16T16:46:46.333071,truck,7.0,FAR,LEFT,0.66,AWARENESS
2026-07-16T16:46:46.333071,car,7.0,FAR,RIGHT,0.65,AWARENESS
2026-07-16T16:46:46.333071,car,7.0,FAR,RIGHT,0.58,AWARENESS
2026-07-16T16:46:46.333071,motorcycle,7.0,FAR,LEFT,0.52,AWARENESS
2026-07-16T16:46:46.333071,person,7.0,FAR,RIGHT,0.46,AWARENESS
2026-07-16T16:46:46.333071,bus,7.0,FAR,RIGHT,0.31,AWARENESS
2026-07-16T16:46:46.333071,person,7.0,FAR,LEFT,0.30,AWARENESS
2026-07-16T16:46:46.362425,person,7.0,FAR,RIGHT,0.71,AWARENESS
2026-07-16T16:46:46.362425,truck,7.0,FAR,LEFT,0.70,AWARENESS
2026-07-16T16:46:46.362425,car,7.0,FAR,RIGHT,0.60,AWARENESS
2026-07-16T16:46:46.362425,car,7.0,FAR,RIGHT,0.53,AWARENESS
2026-07-16T16:46:46.362425,motorcycle,7.0,FAR,LEFT,0.50,AWARENESS
2026-07-16T16:46:46.362425,person,7.0,FAR,RIGHT,0.43,AWARENESS
2026-07-16T16:46:46.362425,person,7.0,FAR,RIGHT,0.37,AWARENESS
2026-07-16T16:46:46.362425,bus,7.0,FAR,RIGHT,0.31,AWARENESS
2026-07-16T16:46:46.389723,truck,7.0,FAR,LEFT,0.76,AWARENESS
2026-07-16T16:46:46.389723,person,7.0,FAR,RIGHT,0.75,AWARENESS
2026-07-16T16:46:46.389723,car,7.0,FAR,RIGHT,0.64,AWARENESS
2026-07-16T16:46:46.389723,car,7.0,FAR,RIGHT,0.63,AWARENESS
2026-07-16T16:46:46.389723,person,7.0,FAR,RIGHT,0.59,AWARENESS
2026-07-16T16:46:46.389723,motorcycle,7.0,FAR,LEFT,0.58,AWARENESS
2026-07-16T16:46:46.389723,car,7.0,FAR,RIGHT,0.50,AWARENESS
2026-07-16T16:46:46.389723,bus,7.0,FAR,RIGHT,0.37,AWARENESS
2026-07-16T16:46:46.389723,person,7.0,FAR,RIGHT,0.34,AWARENESS
2026-07-16T16:46:46.389723,person,7.0,FAR,RIGHT,0.34,AWARENESS
2026-07-16T16:46:46.428506,person,7.0,FAR,RIGHT,0.69,AWARENESS
2026-07-16T16:46:46.428506,truck,7.0,FAR,LEFT,0.67,AWARENESS
2026-07-16T16:46:46.428506,car,7.0,FAR,RIGHT,0.59,AWARENESS
2026-07-16T16:46:46.428506,person,7.0,FAR,RIGHT,0.56,AWARENESS
2026-07-16T16:46:46.428506,person,7.0,FAR,RIGHT,0.52,AWARENESS
2026-07-16T16:46:46.428506,car,7.0,FAR,RIGHT,0.52,AWARENESS
2026-07-16T16:46:46.428506,car,7.0,FAR,RIGHT,0.51,AWARENESS
2026-07-16T16:46:46.428506,person,7.0,FAR,LEFT,0.44,AWARENESS
2026-07-16T16:46:46.428506,motorcycle,7.0,FAR,LEFT,0.38,AWARENESS
2026-07-16T16:46:46.428506,person,7.0,FAR,RIGHT,0.38,AWARENESS
2026-07-16T16:46:46.428506,bus,7.0,FAR,RIGHT,0.35,AWARENESS
2026-07-16T16:46:46.428506,person,7.0,FAR,RIGHT,0.32,AWARENESS
2026-07-16T16:46:46.459962,person,7.0,FAR,RIGHT,0.76,AWARENESS
2026-07-16T16:46:46.459962,person,7.0,FAR,RIGHT,0.65,AWARENESS
2026-07-16T16:46:46.459962,truck,7.0,FAR,RIGHT,0.62,AWARENESS
2026-07-16T16:46:46.459962,motorcycle,7.0,FAR,LEFT,0.59,AWARENESS
2026-07-16T16:46:46.459962,car,7.0,FAR,RIGHT,0.58,AWARENESS
2026-07-16T16:46:46.459962,car,7.0,FAR,RIGHT,0.57,AWARENESS
2026-07-16T16:46:46.459962,bus,7.0,FAR,RIGHT,0.52,AWARENESS
2026-07-16T16:46:46.459962,person,7.0,FAR,RIGHT,0.48,AWARENESS
2026-07-16T16:46:46.459962,person,7.0,FAR,LEFT,0.48,AWARENESS
2026-07-16T16:46:46.459962,car,7.0,FAR,RIGHT,0.39,AWARENESS
2026-07-16T16:46:46.459962,car,7.0,FAR,LEFT,0.35,AWARENESS
2026-07-16T16:46:46.459962,person,7.0,FAR,RIGHT,0.34,AWARENESS
2026-07-16T16:46:46.487469,person,7.0,FAR,RIGHT,0.74,AWARENESS
2026-07-16T16:46:46.487469,car,7.0,FAR,RIGHT,0.65,AWARENESS
2026-07-16T16:46:46.487469,person,7.0,FAR,RIGHT,0.63,AWARENESS
2026-07-16T16:46:46.487469,car,7.0,FAR,RIGHT,0.61,AWARENESS
2026-07-16T16:46:46.487469,truck,7.0,FAR,RIGHT,0.59,AWARENESS
2026-07-16T16:46:46.487469,bus,7.0,FAR,RIGHT,0.52,AWARENESS
2026-07-16T16:46:46.487469,car,7.0,FAR,RIGHT,0.47,AWARENESS
2026-07-16T16:46:46.487469,car,7.0,FAR,LEFT,0.41,AWARENESS
2026-07-16T16:46:46.487469,person,7.0,FAR,RIGHT,0.37,AWARENESS
2026-07-16T16:46:46.487469,motorcycle,7.0,FAR,LEFT,0.37,AWARENESS
2026-07-16T16:46:46.487469,person,7.0,FAR,LEFT,0.35,AWARENESS
2026-07-16T16:46:46.487469,person,7.0,FAR,LEFT,0.35,AWARENESS
2026-07-16T16:46:46.487469,person,7.0,FAR,RIGHT,0.34,AWARENESS
2026-07-16T16:46:46.487469,car,7.0,FAR,RIGHT,0.31,AWARENESS
2026-07-16T16:46:46.515253,person,7.0,FAR,RIGHT,0.68,AWARENESS
2026-07-16T16:46:46.515253,car,7.0,FAR,RIGHT,0.68,AWARENESS
2026-07-16T16:46:46.515253,person,7.0,FAR,RIGHT,0.61,AWARENESS
2026-07-16T16:46:46.515253,car,7.0,FAR,RIGHT,0.58,AWARENESS
2026-07-16T16:46:46.515253,motorcycle,7.0,FAR,LEFT,0.52,AWARENESS
2026-07-16T16:46:46.515253,person,7.0,FAR,LEFT,0.50,AWARENESS
2026-07-16T16:46:46.515253,truck,7.0,FAR,RIGHT,0.48,AWARENESS
2026-07-16T16:46:46.515253,car,7.0,FAR,LEFT,0.34,AWARENESS
2026-07-16T16:46:46.515253,person,7.0,FAR,RIGHT,0.30,AWARENESS
2026-07-16T16:46:46.515253,car,7.0,FAR,RIGHT,0.30,AWARENESS
2026-07-16T16:46:46.542729,person,7.0,FAR,RIGHT,0.66,AWARENESS
2026-07-16T16:46:46.542729,person,7.0,FAR,RIGHT,0.66,AWARENESS
2026-07-16T16:46:46.542729,truck,7.0,FAR,RIGHT,0.65,AWARENESS
2026-07-16T16:46:46.542729,car,7.0,FAR,RIGHT,0.62,AWARENESS
2026-07-16T16:46:46.542729,car,7.0,FAR,RIGHT,0.56,AWARENESS
2026-07-16T16:46:46.542729,person,7.0,FAR,LEFT,0.42,AWARENESS
2026-07-16T16:46:46.542729,person,7.0,FAR,RIGHT,0.37,AWARENESS
2026-07-16T16:46:46.542729,motorcycle,7.0,FAR,LEFT,0.37,AWARENESS
2026-07-16T16:46:46.542729,person,7.0,FAR,LEFT,0.36,AWARENESS
2026-07-16T16:46:46.569110,person,7.0,FAR,RIGHT,0.76,AWARENESS
2026-07-16T16:46:46.569110,car,7.0,FAR,RIGHT,0.65,AWARENESS
2026-07-16T16:46:46.569110,truck,7.0,FAR,RIGHT,0.64,AWARENESS
2026-07-16T16:46:46.569110,person,7.0,FAR,RIGHT,0.58,AWARENESS
2026-07-16T16:46:46.569110,car,7.0,FAR,RIGHT,0.55,AWARENESS
2026-07-16T16:46:46.569110,motorcycle,7.0,FAR,LEFT,0.53,AWARENESS
2026-07-16T16:46:46.569110,bus,7.0,FAR,RIGHT,0.41,AWARENESS
2026-07-16T16:46:46.569110,person,7.0,FAR,LEFT,0.37,AWARENESS
2026-07-16T16:46:46.569110,person,7.0,FAR,RIGHT,0.37,AWARENESS
2026-07-16T16:46:46.569110,car,7.0,FAR,LEFT,0.35,AWARENESS
2026-07-16T16:46:46.569110,person,7.0,FAR,RIGHT,0.33,AWARENESS
2026-07-16T16:46:46.600861,car,7.0,FAR,RIGHT,0.67,AWARENESS
2026-07-16T16:46:46.600861,car,7.0,FAR,RIGHT,0.67,AWARENESS
2026-07-16T16:46:46.600861,person,7.0,FAR,RIGHT,0.66,AWARENESS
2026-07-16T16:46:46.600861,person,7.0,FAR,RIGHT,0.63,AWARENESS
2026-07-16T16:46:46.600861,truck,7.0,FAR,RIGHT,0.61,AWARENESS
2026-07-16T16:46:46.600861,car,7.0,FAR,RIGHT,0.50,AWARENESS
2026-07-16T16:46:46.600861,car,7.0,FAR,LEFT,0.48,AWARENESS
2026-07-16T16:46:46.600861,person,7.0,FAR,LEFT,0.46,AWARENESS
2026-07-16T16:46:46.600861,person,7.0,FAR,RIGHT,0.46,AWARENESS
2026-07-16T16:46:46.600861,bus,7.0,FAR,RIGHT,0.36,AWARENESS
2026-07-16T16:46:46.600861,person,7.0,FAR,RIGHT,0.32,AWARENESS
2026-07-16T16:46:46.631471,person,7.0,FAR,RIGHT,0.71,AWARENESS
2026-07-16T16:46:46.631471,truck,7.0,FAR,RIGHT,0.67,AWARENESS
2026-07-16T16:46:46.631471,person,7.0,FAR,RIGHT,0.67,AWARENESS
2026-07-16T16:46:46.631471,car,7.0,FAR,RIGHT,0.66,AWARENESS
2026-07-16T16:46:46.631471,car,7.0,FAR,RIGHT,0.64,AWARENESS
2026-07-16T16:46:46.631471,car,7.0,FAR,LEFT,0.53,AWARENESS
2026-07-16T16:46:46.631471,person,7.0,FAR,RIGHT,0.51,AWARENESS
2026-07-16T16:46:46.631471,car,7.0,FAR,RIGHT,0.43,AWARENESS
2026-07-16T16:46:46.631471,bus,7.0,FAR,RIGHT,0.38,AWARENESS
2026-07-16T16:46:46.658697,car,7.0,FAR,RIGHT,0.71,AWARENESS
2026-07-16T16:46:46.658697,car,7.0,FAR,RIGHT,0.65,AWARENESS
2026-07-16T16:46:46.658697,person,7.0,FAR,RIGHT,0.61,AWARENESS
2026-07-16T16:46:46.658697,person,7.0,FAR,RIGHT,0.60,AWARENESS
2026-07-16T16:46:46.658697,truck,7.0,FAR,RIGHT,0.57,AWARENESS
2026-07-16T16:46:46.658697,person,7.0,FAR,RIGHT,0.42,AWARENESS
2026-07-16T16:46:46.658697,car,7.0,FAR,RIGHT,0.39,AWARENESS
2026-07-16T16:46:46.658697,bus,7.0,FAR,RIGHT,0.37,AWARENESS
2026-07-16T16:46:46.658697,car,7.0,FAR,LEFT,0.35,AWARENESS
2026-07-16T16:46:46.658697,person,7.0,FAR,RIGHT,0.31,AWARENESS
2026-07-16T16:46:46.691284,car,7.0,FAR,RIGHT,0.67,AWARENESS
2026-07-16T16:46:46.691284,truck,7.0,FAR,RIGHT,0.59,AWARENESS
2026-07-16T16:46:46.691284,person,7.0,FAR,RIGHT,0.50,AWARENESS
2026-07-16T16:46:46.691284,person,7.0,FAR,RIGHT,0.49,AWARENESS
2026-07-16T16:46:46.691284,person,7.0,FAR,RIGHT,0.49,AWARENESS
2026-07-16T16:46:46.691284,car,7.0,FAR,RIGHT,0.48,AWARENESS
2026-07-16T16:46:46.691284,car,7.0,FAR,RIGHT,0.37,AWARENESS
2026-07-16T16:46:46.691284,car,7.0,FAR,RIGHT,0.35,AWARENESS
2026-07-16T16:46:46.691284,bus,7.0,FAR,RIGHT,0.34,AWARENESS
2026-07-16T16:46:46.724054,car,7.0,FAR,RIGHT,0.65,AWARENESS
2026-07-16T16:46:46.724054,truck,7.0,FAR,RIGHT,0.64,AWARENESS
2026-07-16T16:46:46.724054,car,7.0,FAR,RIGHT,0.55,AWARENESS
2026-07-16T16:46:46.724054,person,7.0,FAR,RIGHT,0.53,AWARENESS
2026-07-16T16:46:46.724054,person,7.0,FAR,RIGHT,0.46,AWARENESS
2026-07-16T16:46:46.724054,car,7.0,FAR,RIGHT,0.38,AWARENESS
2026-07-16T16:46:46.724054,person,7.0,FAR,RIGHT,0.37,AWARENESS
2026-07-16T16:46:46.724054,car,7.0,FAR,LEFT,0.34,AWARENESS
2026-07-16T16:46:46.724054,person,7.0,FAR,RIGHT,0.32,AWARENESS
2026-07-16T16:46:46.758092,car,7.0,FAR,RIGHT,0.70,AWARENESS
2026-07-16T16:46:46.758092,car,7.0,FAR,RIGHT,0.64,AWARENESS
2026-07-16T16:46:46.758092,truck,7.0,FAR,RIGHT,0.58,AWARENESS
2026-07-16T16:46:46.758092,person,7.0,FAR,RIGHT,0.51,AWARENESS
2026-07-16T16:46:46.758092,person,7.0,FAR,RIGHT,0.47,AWARENESS
2026-07-16T16:46:46.758092,car,7.0,FAR,RIGHT,0.42,AWARENESS
2026-07-16T16:46:46.758092,car,7.0,FAR,LEFT,0.41,AWARENESS
2026-07-16T16:46:46.758092,person,7.0,FAR,RIGHT,0.39,AWARENESS
2026-07-16T16:46:46.758092,car,7.0,FAR,RIGHT,0.34,AWARENESS
2026-07-16T16:46:46.788855,car,7.0,FAR,RIGHT,0.63,AWARENESS
2026-07-16T16:46:46.788855,car,7.0,FAR,RIGHT,0.59,AWARENESS
2026-07-16T16:46:46.788855,car,7.0,FAR,RIGHT,0.56,AWARENESS
2026-07-16T16:46:46.788855,truck,7.0,FAR,RIGHT,0.53,AWARENESS
2026-07-16T16:46:46.788855,person,7.0,FAR,LEFT,0.40,AWARENESS
2026-07-16T16:46:46.788855,car,7.0,FAR,LEFT,0.38,AWARENESS
2026-07-16T16:46:46.788855,person,7.0,FAR,RIGHT,0.30,AWARENESS
2026-07-16T16:46:46.824157,truck,7.0,FAR,RIGHT,0.6I encountered an error doing what you asked. Could you try again?
